county_fips,state,lat,lon,cbsa,kind
01001,AL,32.5322,-86.6464,33860,metro
01003,AL,30.6592,-87.7461,19300,metro
01005,AL,31.8703,-85.4051,21640,micro
01007,AL,33.0159,-87.1271,13820,metro
01009,AL,33.9774,-86.5664,13820,metro
01011,AL,32.1018,-85.7173,,none
01013,AL,31.7517,-86.6820,,none
01015,AL,33.7705,-85.8279,11500,metro
01017,AL,32.9155,-85.3940,29300,micro
01019,AL,34.0695,-85.6542,,none
01021,AL,32.8541,-86.7266,13820,metro
01023,AL,31.9910,-88.2489,,none
01025,AL,31.6855,-87.8186,,none
01027,AL,33.2704,-85.8635,,none
01029,AL,33.6720,-85.5161,,none
01031,AL,31.4023,-85.9896,21460,micro
01033,AL,34.7031,-87.8015,22520,metro
01035,AL,31.4309,-86.9887,,none
01037,AL,32.9314,-86.2435,45180,micro
01039,AL,31.2440,-86.4487,,none
01041,AL,31.7303,-86.3200,,none
01043,AL,34.1319,-86.8693,18980,micro
01045,AL,31.4307,-85.6095,37120,micro
01047,AL,32.3335,-87.1144,42820,micro
01049,AL,34.4609,-85.8040,22840,micro
01051,AL,32.5972,-86.1427,33860,metro
01053,AL,31.1223,-87.1684,,none
01055,AL,34.0476,-86.0343,23460,metro
01057,AL,33.7162,-87.7643,,none
01059,AL,34.4420,-87.8428,40770,micro
01061,AL,31.0924,-85.8210,20020,metro
01063,AL,32.8445,-87.9642,46220,metro
01065,AL,32.7528,-87.6231,46220,metro
01067,AL,31.5170,-85.2400,20020,metro
01069,AL,31.1582,-85.2964,20020,metro
01071,AL,34.7641,-85.9801,42460,micro
01073,AL,33.5534,-86.8965,13820,metro
01075,AL,33.7871,-88.0874,,none
01077,AL,34.9042,-87.6511,22520,metro
01079,AL,34.5298,-87.3219,19460,metro
01081,AL,32.6041,-85.3530,12220,metro
01083,AL,34.8102,-86.9814,26620,metro
01085,AL,32.1479,-86.6506,33860,metro
01087,AL,32.3870,-85.6929,12220,metro
01089,AL,34.7642,-86.5511,26620,metro
01091,AL,32.2476,-87.7911,,none
01093,AL,34.1382,-87.8816,,none
01095,AL,34.3096,-86.3217,10700,micro
01097,AL,30.6846,-88.1966,33660,metro
01099,AL,31.5804,-87.3833,,none
01101,AL,32.2029,-86.2045,33860,metro
01103,AL,34.4545,-86.8464,19460,metro
01105,AL,32.6390,-87.2938,,none
01107,AL,33.2968,-88.0969,46220,metro
01109,AL,31.7987,-85.9416,45980,micro
01111,AL,33.2965,-85.4641,,none
01113,AL,32.2898,-85.1870,17980,metro
01115,AL,33.7195,-86.3113,13820,metro
01117,AL,33.2669,-86.6610,13820,metro
01119,AL,32.5975,-88.2001,,none
01121,AL,33.3693,-86.1759,45180,micro
01123,AL,32.8633,-85.7996,10760,micro
01125,AL,33.2902,-87.5228,46220,metro
01127,AL,33.7916,-87.3011,13820,metro
01129,AL,31.4085,-88.2124,,none
01131,AL,31.9901,-87.3049,,none
01133,AL,34.1546,-87.3653,,none
02013,AK,55.2450,-161.9975,,none
02016,AK,51.9490,179.6212,,none
02020,AK,61.1743,-149.2843,11260,metro
02050,AK,60.9291,-160.1526,,none
02060,AK,58.7417,-156.9668,,none
02063,AK,60.4885,-146.2031,,none
02066,AK,62.0345,-143.9222,,none
02068,AK,63.6820,-150.0270,,none
02070,AK,59.5433,-158.2671,,none
02090,AK,64.6705,-146.4961,21820,metro
02100,AK,59.0984,-135.5758,,none
02105,AK,58.4033,-135.8849,,none
02110,AK,58.3729,-134.1784,27940,micro
02122,AK,60.3667,-152.3223,,none
02130,AK,55.4499,-131.1067,28540,micro
02150,AK,57.7044,-153.9184,,none
02158,AK,62.2836,-163.1902,,none
02164,AK,58.1085,-156.4134,,none
02170,AK,62.2656,-149.5040,11260,metro
02180,AK,64.7837,-164.1889,,none
02185,AK,69.4493,-153.4728,,none
02188,AK,67.0051,-160.0211,,none
02195,AK,57.1125,-133.0086,,none
02198,AK,55.6828,-133.1624,,none
02220,AK,57.1932,-135.3674,,none
02230,AK,59.5604,-135.3383,,none
02240,AK,63.8650,-143.2186,,none
02275,AK,56.1808,-132.0268,,none
02282,AK,60.0175,-140.4168,,none
02290,AK,65.3757,-151.5779,,none
04001,AZ,35.3851,-109.4902,,none
04003,AZ,31.8401,-109.7752,43420,metro
04005,AZ,35.8297,-111.7737,22380,metro
04007,AZ,33.7896,-110.8119,37740,micro
04009,AZ,32.9318,-109.8783,40940,micro
04011,AZ,33.2389,-109.2423,,none
04012,AZ,33.7276,-114.0388,,none
04013,AZ,33.3452,-112.4989,38060,metro
04015,AZ,35.7177,-113.7497,29420,metro
04017,AZ,35.3908,-110.3210,43320,micro
04019,AZ,32.1280,-111.7837,46060,metro
04021,AZ,32.9185,-111.3663,38060,metro
04023,AZ,31.5257,-110.8452,35700,micro
04025,AZ,34.6311,-112.5772,39150,metro
04027,AZ,32.7739,-113.9109,49740,metro
05001,AR,34.2896,-91.3765,,none
05003,AR,33.1908,-91.7723,,none
05005,AR,36.2803,-92.3299,34260,micro
05007,AR,36.3378,-94.2563,22220,metro
05009,AR,36.3043,-93.0792,25460,micro
05011,AR,33.4665,-92.1692,,none
05013,AR,33.5605,-92.5139,15780,micro
05015,AR,36.3374,-93.5410,,none
05017,AR,33.2671,-91.2972,,none
05019,AR,34.0533,-93.1762,11660,micro
05021,AR,36.3673,-90.4187,,none
05023,AR,35.5936,-92.0089,,none
05025,AR,33.8932,-92.1887,38220,micro
05027,AR,33.2230,-93.2328,31620,micro
05029,AR,35.2657,-92.6892,,none
05031,AR,35.8277,-90.6314,27860,metro
05033,AR,35.5830,-94.2362,22900,metro
05035,AR,35.1976,-90.3051,32820,metro
05037,AR,35.2857,-90.7640,,none
05039,AR,33.9678,-92.6540,,none
05041,AR,33.8288,-91.2441,,none
05043,AR,33.5872,-91.7228,,none
05045,AR,35.1465,-92.3369,30780,metro
05047,AR,35.5086,-93.8877,,none
05049,AR,36.3813,-91.8193,,none
05051,AR,34.5789,-93.1469,26300,metro
05053,AR,34.2856,-92.4230,30780,metro
05055,AR,36.1206,-90.5663,37500,micro
05057,AR,33.7360,-93.6644,,none
05059,AR,34.3152,-92.9441,31680,micro
05061,AR,34.0831,-93.9909,,none
05063,AR,35.7375,-91.5599,12900,micro
05065,AR,36.0949,-91.9136,,none
05067,AR,35.5965,-91.2232,,none
05069,AR,34.2772,-91.9297,38220,micro
05071,AR,35.5734,-93.4663,,none
05073,AR,33.2406,-93.6115,,none
05075,AR,36.0411,-91.1012,,none
05077,AR,34.7795,-90.7797,,none
05079,AR,33.9564,-91.7424,,none
05081,AR,33.7019,-94.2363,45500,metro
05083,AR,35.2187,-93.7209,,none
05085,AR,34.7551,-91.8941,30780,metro
05087,AR,36.0125,-93.7241,22220,metro
05089,AR,36.2667,-92.6786,,none
05091,AR,33.3055,-93.9015,45500,metro
05093,AR,35.7669,-90.0522,14180,micro
05095,AR,34.6795,-91.2033,,none
05097,AR,34.5457,-93.6642,,none
05099,AR,33.6667,-93.3051,,none
05101,AR,35.9107,-93.2159,25460,micro
05103,AR,33.5912,-92.8784,15780,micro
05105,AR,34.9464,-92.9269,30780,metro
05107,AR,34.4237,-90.8556,,none
05109,AR,34.1582,-93.6587,,none
05111,AR,35.5689,-90.6811,27860,metro
05113,AR,34.4910,-94.2309,,none
05115,AR,35.4566,-93.0268,40780,micro
05117,AR,34.8311,-91.5536,,none
05119,AR,34.7703,-92.3130,30780,metro
05121,AR,36.3413,-91.0284,,none
05123,AR,35.0228,-90.7515,22620,micro
05125,AR,34.6485,-92.6745,30780,metro
05127,AR,34.8589,-94.0636,,none
05129,AR,35.8964,-92.6959,,none
05131,AR,35.1970,-94.2750,22900,metro
05133,AR,33.9949,-94.2433,,none
05135,AR,36.1734,-91.4711,,none
05137,AR,35.8570,-92.1405,,none
05139,AR,33.1682,-92.5981,20980,micro
05141,AR,35.5830,-92.5160,,none
05143,AR,35.9780,-94.2173,22220,metro
05145,AR,35.2551,-91.7530,42620,micro
05147,AR,35.1928,-91.2445,,none
05149,AR,34.9977,-93.4083,40780,micro
06001,CA,37.6471,-121.9125,41860,metro
06003,CA,38.6218,-119.7984,23820,micro
06005,CA,38.4435,-120.6539,,none
06007,CA,39.6653,-121.6032,17020,metro
06009,CA,38.1911,-120.5541,,none
06011,CA,39.1777,-122.2376,,none
06013,CA,37.9195,-121.9515,41860,metro
06015,CA,41.7499,-123.9810,18860,micro
06017,CA,38.7856,-120.5342,40900,metro
06019,CA,36.7610,-119.6550,23420,metro
06021,CA,39.6025,-122.4017,,none
06023,CA,40.7067,-123.9262,21700,micro
06025,CA,33.0408,-115.3554,20940,metro
06027,CA,36.5622,-117.4042,13860,micro
06029,CA,35.3466,-118.7295,12540,metro
06031,CA,36.0725,-119.8155,25260,metro
06033,CA,39.1080,-122.7452,17340,micro
06035,CA,40.7153,-120.6212,45000,micro
06037,CA,34.1964,-118.2619,31080,metro
06039,CA,37.2098,-119.7498,23420,metro
06041,CA,38.0514,-122.7464,41860,metro
06043,CA,37.5743,-119.9117,,none
06045,CA,39.4324,-123.4429,46380,micro
06047,CA,37.1948,-120.7228,32900,metro
06049,CA,41.5929,-120.7184,,none
06051,CA,37.9158,-118.8752,,none
06053,CA,36.2401,-121.3156,41500,metro
06055,CA,38.5071,-122.3259,34900,metro
06057,CA,39.2975,-120.7713,46020,micro
06059,CA,33.6757,-117.7772,31080,metro
06061,CA,39.0620,-120.7227,40900,metro
06063,CA,39.9923,-120.8244,,none
06065,CA,33.7298,-116.0022,40140,metro
06067,CA,38.4501,-121.3443,40900,metro
06069,CA,36.6117,-121.0858,41940,metro
06071,CA,34.8567,-116.1816,40140,metro
06073,CA,33.0236,-116.7761,41740,metro
06075,CA,37.7272,-123.0322,41860,metro
06077,CA,37.9350,-121.2722,44700,metro
06079,CA,35.3882,-120.4489,42020,metro
06081,CA,37.4147,-122.3715,41860,metro
06083,CA,34.5367,-120.0384,42200,metro
06085,CA,37.2216,-121.6895,41940,metro
06087,CA,37.0123,-122.0078,42100,metro
06089,CA,40.7605,-122.0436,39820,metro
06091,CA,39.5769,-120.5220,,none
06093,CA,41.5880,-122.5333,,none
06095,CA,38.2672,-121.9396,46700,metro
06097,CA,38.5252,-122.9261,42220,metro
06099,CA,37.5623,-121.0028,33700,metro
06101,CA,39.0362,-121.7039,49700,metro
06103,CA,40.1262,-122.2323,39780,micro
06105,CA,40.6479,-123.1147,,none
06107,CA,36.2288,-118.7811,47300,metro
06109,CA,38.0214,-119.9647,43760,micro
06111,CA,34.3587,-119.1331,37100,metro
06113,CA,38.6796,-121.9027,40900,metro
06115,CA,39.2701,-121.3443,49700,metro
08001,CO,39.8743,-104.3319,19740,metro
08003,CO,37.5684,-105.7880,10480,micro
08005,CO,39.6446,-104.3317,19740,metro
08007,CO,37.2024,-107.0509,,none
08009,CO,37.3098,-102.5437,,none
08011,CO,37.9319,-103.0776,,none
08013,CO,40.0950,-105.3977,14500,metro
08014,CO,39.9536,-105.0508,19740,metro
08015,CO,38.7346,-106.3000,,none
08017,CO,38.8356,-102.6018,,none
08019,CO,39.6894,-105.6708,19740,metro
08021,CO,37.2134,-106.1764,10480,micro
08023,CO,37.2775,-105.4289,10480,micro
08025,CO,38.3062,-103.7727,,none
08027,CO,38.1020,-105.3735,,none
08029,CO,38.8614,-107.8650,,none
08031,CO,39.7619,-104.8811,19740,metro
08033,CO,37.7338,-108.5062,,none
08035,CO,39.3254,-104.9260,19740,metro
08037,CO,39.6270,-106.6952,20780,micro
08039,CO,39.3152,-104.1141,19740,metro
08041,CO,38.8274,-104.5275,17820,metro
08043,CO,38.4552,-105.4250,15860,micro
08045,CO,39.5994,-107.9098,40090,micro
08047,CO,39.8612,-105.5289,19740,metro
08049,CO,40.1131,-106.1108,,none
08051,CO,38.6705,-107.0569,,none
08053,CO,37.8115,-107.3840,,none
08055,CO,37.6878,-104.9599,,none
08057,CO,40.6634,-106.3292,,none
08059,CO,39.5795,-105.2455,19740,metro
08061,CO,38.3877,-102.7568,,none
08063,CO,39.3053,-102.6030,,none
08065,CO,39.2053,-106.3501,14720,micro
08067,CO,37.2874,-107.8397,20420,micro
08069,CO,40.6581,-105.4868,22660,metro
08071,CO,37.3188,-104.0441,,none
08073,CO,38.9937,-103.5076,,none
08075,CO,40.7281,-103.0905,44540,micro
08077,CO,39.0195,-108.4606,24300,metro
08079,CO,37.5491,-107.0032,,none
08081,CO,40.6109,-108.2172,44460,micro
08083,CO,37.3380,-108.5958,,none
08085,CO,38.4075,-108.2663,33940,micro
08087,CO,40.2632,-103.8122,22820,micro
08089,CO,37.8842,-103.7213,,none
08091,CO,38.1547,-107.7885,,none
08093,CO,39.1189,-105.7176,19740,metro
08095,CO,40.5947,-102.3451,,none
08097,CO,39.2175,-106.9162,40090,micro
08099,CO,37.9582,-102.3922,,none
08101,CO,38.1628,-104.4847,39380,metro
08103,CO,39.9726,-108.2007,,none
08105,CO,37.4859,-106.4531,,none
08107,CO,40.4837,-106.9877,44460,micro
08109,CO,38.0317,-106.2347,,none
08111,CO,37.7810,-107.6703,,none
08113,CO,38.0093,-108.4273,,none
08115,CO,40.8716,-102.3554,,none
08117,CO,39.6210,-106.1376,14720,micro
08119,CO,38.8700,-105.1874,17820,metro
08121,CO,39.9658,-103.2097,,none
08123,CO,40.5560,-104.3837,24540,metro
08125,CO,40.0008,-102.4216,,none
09110,CT,41.8170,-72.5759,25540,metro
09120,CT,41.1846,-73.2094,14860,metro
09130,CT,41.4203,-72.4935,25540,metro
09140,CT,41.5189,-73.0879,47930,metro
09150,CT,41.8424,-71.9727,39480,micro
09160,CT,41.8548,-73.2215,45860,micro
09170,CT,41.2902,-72.8370,35300,metro
09180,CT,41.4848,-72.1017,35980,metro
09190,CT,41.2791,-73.4466,14860,metro
10001,DE,39.0971,-75.5030,20100,metro
10003,DE,39.5759,-75.6441,37980,metro
10005,DE,38.6732,-75.3370,42580,micro
11001,DC,38.9042,-77.0165,47900,metro
12001,FL,29.6757,-82.3572,23540,metro
12003,FL,30.3244,-82.3023,27260,metro
12005,FL,30.1591,-85.5344,37460,metro
12007,FL,29.9524,-82.1667,,none
12009,FL,28.2983,-80.7003,37340,metro
12011,FL,26.1935,-80.4767,33100,metro
12013,FL,30.3888,-85.1979,,none
12015,FL,26.9064,-82.0037,39460,metro
12017,FL,28.8503,-82.5956,26140,metro
12019,FL,29.9866,-81.8650,27260,metro
12021,FL,26.1188,-81.4010,34940,metro
12023,FL,30.2217,-82.6234,29380,micro
12027,FL,27.1906,-81.8063,11580,micro
12029,FL,29.5527,-83.2362,,none
12031,FL,30.3352,-81.6481,27260,metro
12033,FL,30.5300,-87.3203,37860,metro
12035,FL,29.4749,-81.2863,19660,metro
12037,FL,29.6778,-84.8152,,none
12039,FL,30.5787,-84.6126,45220,metro
12041,FL,29.7235,-82.7958,23540,metro
12043,FL,26.9548,-81.1908,17500,micro
12045,FL,29.8592,-85.2720,,none
12047,FL,30.4984,-82.9511,,none
12049,FL,27.4928,-81.8216,,none
12051,FL,26.5400,-81.1521,17500,micro
12053,FL,28.5560,-82.5260,45300,metro
12055,FL,27.3411,-81.3424,42700,metro
12057,FL,27.8932,-82.3800,45300,metro
12059,FL,30.8620,-85.8159,,none
12061,FL,27.7005,-80.5748,42680,metro
12063,FL,30.7892,-85.2088,,none
12065,FL,30.3969,-83.9218,45220,metro
12067,FL,29.9901,-83.1785,,none
12069,FL,28.7641,-81.7123,36740,metro
12071,FL,26.5633,-81.9842,15980,metro
12073,FL,30.4593,-84.2778,45220,metro
12075,FL,29.2719,-82.8312,23540,metro
12077,FL,30.2598,-84.8686,,none
12079,FL,30.4472,-83.4704,,none
12081,FL,27.4756,-82.3931,35840,metro
12083,FL,29.2028,-82.0431,36100,metro
12085,FL,27.0836,-80.3982,38940,metro
12086,FL,25.6160,-80.5037,33100,metro
12087,FL,25.5861,-81.0226,28580,micro
12089,FL,30.6060,-81.7651,27260,metro
12091,FL,30.6143,-86.5911,18880,metro
12093,FL,27.3856,-80.8874,36380,micro
12095,FL,28.5144,-81.3233,36740,metro
12097,FL,28.0590,-81.1393,36740,metro
12099,FL,26.6491,-80.4484,33100,metro
12101,FL,28.3098,-82.5110,45300,metro
12103,FL,27.9053,-82.7981,45300,metro
12105,FL,27.9537,-81.6935,29460,metro
12107,FL,29.5939,-81.7320,37260,micro
12109,FL,29.8905,-81.4000,27260,metro
12111,FL,27.3798,-80.4435,38940,metro
12113,FL,30.6753,-87.0189,37860,metro
12115,FL,27.2253,-82.4237,35840,metro
12117,FL,28.6901,-81.1320,36740,metro
12119,FL,28.7140,-82.0697,48680,metro
12121,FL,30.1892,-82.9928,,none
12123,FL,29.9671,-83.6396,,none
12125,FL,30.0543,-82.3669,,none
12127,FL,29.0578,-81.1618,19660,metro
12129,FL,30.0913,-84.3591,45220,metro
12131,FL,30.5712,-86.1628,18880,metro
12133,FL,30.6021,-85.6558,37460,metro
13001,GA,31.7397,-82.2901,,none
13003,GA,31.2968,-82.8782,20060,micro
13005,GA,31.5502,-82.4514,,none
13007,GA,31.3196,-84.4549,,none
13009,GA,33.0595,-83.2555,33300,micro
13011,GA,34.3519,-83.4984,,none
13013,GA,33.9920,-83.7123,12060,metro
13015,GA,34.2409,-84.8382,12060,metro
13017,GA,31.7408,-83.1472,22340,micro
13019,GA,31.2887,-83.2279,,none
13021,GA,32.8088,-83.6942,31420,metro
13023,GA,32.4354,-83.3317,,none
13025,GA,31.1973,-81.9830,15260,metro
13027,GA,30.8229,-83.5819,46660,metro
13029,GA,32.0180,-81.4385,42340,metro
13031,GA,32.3945,-81.7416,44340,micro
13033,GA,33.0602,-82.0002,12260,metro
13035,GA,33.2904,-83.9582,12060,metro
13037,GA,31.5213,-84.6263,,none
13039,GA,30.9134,-81.6420,28680,micro
13043,GA,32.4040,-82.0713,,none
13045,GA,33.5822,-85.0805,12060,metro
13047,GA,34.9002,-85.1394,16860,metro
13049,GA,30.7799,-82.1396,,none
13051,GA,31.9804,-81.0852,42340,metro
13053,GA,32.3474,-84.7880,17980,metro
13055,GA,34.4742,-85.3453,44900,micro
13057,GA,34.2443,-84.4751,12060,metro
13059,GA,33.9522,-83.3672,12020,metro
13061,GA,31.6198,-84.9926,,none
13063,GA,33.5516,-84.4129,12060,metro
13065,GA,30.9177,-82.7026,,none
13067,GA,33.9399,-84.5741,12060,metro
13069,GA,31.5492,-82.8449,20060,micro
13071,GA,31.1897,-83.7698,34220,micro
13073,GA,33.5521,-82.2496,12260,metro
13075,GA,31.1525,-83.4294,,none
13077,GA,33.3529,-84.7621,12060,metro
13079,GA,32.7094,-83.9792,31420,metro
13081,GA,31.9203,-83.7565,18380,micro
13083,GA,34.8524,-85.5062,16860,metro
13085,GA,34.4426,-84.1733,12060,metro
13087,GA,30.8806,-84.5839,12460,micro
13089,GA,33.7707,-84.2263,12060,metro
13091,GA,32.1644,-83.1679,,none
13093,GA,32.1520,-83.8072,,none
13095,GA,31.5326,-84.2090,10500,metro
13097,GA,33.7012,-84.7673,12060,metro
13099,GA,31.3242,-84.9067,,none
13101,GA,30.7140,-82.8974,46660,metro
13103,GA,32.3617,-81.3434,42340,metro
13105,GA,34.1164,-82.8419,,none
13107,GA,32.5911,-82.2998,,none
13109,GA,32.1531,-81.8902,44340,micro
13111,GA,34.8665,-84.3173,,none
13113,GA,33.4127,-84.4939,12060,metro
13115,GA,34.2637,-85.2137,40660,metro
13117,GA,34.2251,-84.1274,12060,metro
13119,GA,34.3753,-83.2275,,none
13121,GA,33.7900,-84.4682,12060,metro
13123,GA,34.6905,-84.4548,,none
13125,GA,33.2275,-82.6069,,none
13127,GA,31.2127,-81.4964,15260,metro
13129,GA,34.5097,-84.8739,15660,micro
13131,GA,30.8759,-84.2450,45620,micro
13133,GA,33.5767,-83.1666,,none
13135,GA,33.9588,-84.0257,12060,metro
13137,GA,34.6344,-83.5259,18460,micro
13139,GA,34.3176,-83.8185,23580,metro
13141,GA,33.2692,-83.0005,,none
13143,GA,33.7952,-85.2201,12060,metro
13145,GA,32.7315,-84.9124,17980,metro
13147,GA,34.3487,-82.9633,,none
13149,GA,33.2913,-85.1379,12060,metro
13151,GA,33.4529,-84.1540,12060,metro
13153,GA,32.4581,-83.6623,47580,metro
13155,GA,31.6043,-83.2770,,none
13157,GA,34.1309,-83.5626,27600,micro
13159,GA,33.3170,-83.6892,12060,metro
13161,GA,31.8116,-82.6368,,none
13163,GA,33.0582,-82.4200,,none
13165,GA,32.7946,-81.9715,,none
13167,GA,32.6946,-82.6640,20140,micro
13169,GA,33.0217,-83.5622,31420,metro
13171,GA,33.0744,-84.1467,,none
13173,GA,31.0382,-83.0632,46660,metro
13175,GA,32.3932,-82.9263,20140,micro
13177,GA,31.8184,-84.1467,10500,metro
13179,GA,31.8075,-81.4579,25980,metro
13181,GA,33.7922,-82.4483,12260,metro
13183,GA,31.7496,-81.7429,25980,metro
13185,GA,30.8331,-83.2690,46660,metro
13187,GA,34.5681,-83.9989,12060,metro
13189,GA,33.4806,-82.4795,12260,metro
13191,GA,31.4856,-81.3721,15260,metro
13193,GA,32.3627,-84.0512,,none
13195,GA,34.1275,-83.2087,12020,metro
13197,GA,32.3593,-84.5287,17980,metro
13199,GA,33.0293,-84.6671,12060,metro
13201,GA,31.1629,-84.7304,,none
13205,GA,31.2290,-84.1920,,none
13207,GA,33.0188,-83.9218,31420,metro
13209,GA,32.1721,-82.5333,47080,micro
13211,GA,33.5987,-83.4994,12060,metro
13213,GA,34.7971,-84.7380,19140,metro
13215,GA,32.5102,-84.8749,17980,metro
13217,GA,33.5528,-83.8514,12060,metro
13219,GA,33.8341,-83.4377,12020,metro
13221,GA,33.8668,-83.0741,12020,metro
13223,GA,33.9210,-84.8672,12060,metro
13225,GA,32.5713,-83.8320,47580,metro
13227,GA,34.4567,-84.4904,12060,metro
13229,GA,31.3540,-82.2104,48180,micro
13231,GA,33.0811,-84.3895,12060,metro
13233,GA,33.9960,-85.1883,16340,micro
13235,GA,32.2388,-83.4818,,none
13237,GA,33.3211,-83.3718,,none
13239,GA,31.8629,-85.0048,21640,micro
13241,GA,34.8839,-83.4049,,none
13243,GA,31.7627,-84.7523,,none
13245,GA,33.3615,-82.0750,12260,metro
13247,GA,33.6521,-84.0264,12060,metro
13249,GA,32.2634,-84.3227,11140,micro
13251,GA,32.7448,-81.6176,,none
13253,GA,30.9340,-84.8677,,none
13255,GA,33.2623,-84.2849,12060,metro
13257,GA,34.5536,-83.2906,45740,micro
13259,GA,32.0732,-84.8349,17980,metro
13261,GA,32.0423,-84.2043,11140,micro
13263,GA,32.7046,-84.5300,17980,metro
13265,GA,33.5593,-82.8753,,none
13267,GA,32.0438,-82.0592,,none
13269,GA,32.5547,-84.2514,,none
13271,GA,31.9136,-82.9311,,none
13273,GA,31.7772,-84.4394,10500,metro
13275,GA,30.8646,-83.9198,45620,micro
13277,GA,31.4570,-83.5259,45700,micro
13279,GA,32.1178,-82.3306,47080,micro
13281,GA,34.9025,-83.7323,,none
13283,GA,32.4096,-82.5709,,none
13285,GA,33.0345,-85.0284,29300,micro
13287,GA,31.7248,-83.6203,45700,micro
13289,GA,32.6658,-83.4259,31420,metro
13291,GA,34.8333,-83.9893,,none
13293,GA,32.8818,-84.2923,45580,micro
13295,GA,34.7358,-85.3055,16860,metro
13297,GA,33.7839,-83.7318,12060,metro
13299,GA,31.0509,-82.4215,48180,micro
13301,GA,33.4192,-82.6880,,none
13303,GA,32.9718,-82.7981,,none
13305,GA,31.5478,-81.9124,27700,micro
13307,GA,32.0467,-84.5538,,none
13309,GA,32.1053,-82.7338,,none
13311,GA,34.6442,-83.7430,,none
13313,GA,34.8017,-84.9685,19140,metro
13315,GA,31.9627,-83.4383,,none
13317,GA,33.7790,-82.7479,,none
13319,GA,32.8043,-83.1755,,none
13321,GA,31.5518,-83.8500,10500,metro
15001,HI,19.5978,-155.5024,25900,micro
15003,HI,21.4614,-158.2020,46520,metro
15005,HI,21.2188,-156.9740,27980,metro
15007,HI,22.0120,-159.7060,28180,micro
15009,HI,20.8559,-156.6016,27980,metro
16001,ID,43.4515,-116.2444,14260,metro
16003,ID,44.8770,-116.4616,,none
16005,ID,42.6929,-112.2290,38540,metro
16007,ID,42.2859,-111.3275,,none
16009,ID,47.2185,-116.6335,,none
16011,ID,43.2164,-112.3992,13940,micro
16013,ID,43.3942,-113.9554,25200,micro
16015,ID,43.9873,-115.7151,14260,metro
16017,ID,48.3246,-116.6274,41760,micro
16019,ID,43.3952,-111.6219,26820,metro
16021,ID,48.7731,-116.5247,,none
16023,ID,43.6851,-113.1776,26820,metro
16025,ID,43.5026,-114.7721,25200,micro
16027,ID,43.6258,-116.7091,14260,metro
16029,ID,42.7861,-111.5443,,none
16031,ID,42.2823,-113.6263,15420,micro
16033,ID,44.2902,-112.3546,,none
16035,ID,46.6726,-115.6535,,none
16037,ID,44.2734,-114.2523,,none
16039,ID,43.3947,-115.4712,34300,micro
16041,ID,42.1736,-111.8230,30860,metro
16043,ID,44.2181,-111.4844,39940,micro
16045,ID,44.0615,-116.3988,14260,metro
16047,ID,42.9732,-114.8214,,none
16049,ID,45.8496,-115.4673,,none
16051,ID,43.7970,-112.3186,26820,metro
16053,ID,42.6914,-114.2621,46300,metro
16055,ID,47.6760,-116.6959,17660,metro
16057,ID,46.8189,-116.7310,34140,micro
16059,ID,44.9285,-113.8870,,none
16061,ID,46.2363,-116.4238,,none
16063,ID,42.9908,-114.1531,25200,micro
16065,ID,43.7886,-111.6570,39940,micro
16067,ID,42.8572,-113.6398,15420,micro
16069,ID,46.3338,-116.7609,30300,metro
16071,ID,42.1839,-112.5204,14940,micro
16073,ID,42.5729,-116.1897,14260,metro
16075,ID,44.0024,-116.7502,36620,micro
16077,ID,42.6941,-112.8444,,none
16079,ID,47.3477,-115.8851,,none
16081,ID,43.7610,-111.2118,27220,micro
16083,ID,42.3523,-114.6656,46300,metro
16085,ID,44.8560,-115.6181,,none
16087,ID,44.4482,-116.7978,,none
17001,IL,39.9861,-91.1950,39500,micro
17003,IL,37.1837,-89.3495,16020,metro
17005,IL,38.8859,-89.4366,41180,metro
17007,IL,42.3190,-88.8243,40420,metro
17009,IL,39.9621,-90.7503,,none
17011,IL,41.4013,-89.5284,36837,micro
17013,IL,39.1643,-90.6663,41180,metro
17015,IL,42.0709,-89.9242,,none
17017,IL,39.9692,-90.2457,,none
17019,IL,40.1390,-88.1970,16580,metro
17021,IL,39.5455,-89.2796,45380,micro
17023,IL,39.3323,-87.7917,,none
17025,IL,38.7468,-88.4823,,none
17027,IL,38.6063,-89.4262,41180,metro
17029,IL,39.5137,-88.2208,16660,micro
17031,IL,41.8943,-87.6455,16980,metro
17033,IL,39.0028,-87.7606,,none
17035,IL,39.2731,-88.2406,20820,micro
17037,IL,41.8946,-88.7690,16980,metro
17039,IL,40.1815,-88.9019,,none
17041,IL,39.7661,-88.2229,,none
17043,IL,41.8521,-88.0860,16980,metro
17045,IL,39.6790,-87.7471,,none
17047,IL,38.4171,-88.0479,,none
17049,IL,39.0479,-88.5928,20820,micro
17051,IL,39.0011,-89.0179,,none
17053,IL,40.5965,-88.2246,16580,metro
17055,IL,37.9919,-88.9263,,none
17057,IL,40.4652,-90.2023,15900,micro
17059,IL,37.7687,-88.2280,,none
17061,IL,39.3554,-90.3877,,none
17063,IL,41.2924,-88.4011,16980,metro
17065,IL,38.0852,-88.5390,,none
17067,IL,40.4013,-91.1688,,none
17069,IL,37.5179,-88.2661,,none
17071,IL,40.8145,-90.9412,15460,micro
17073,IL,41.3500,-90.1308,19340,metro
17075,IL,40.7489,-87.8336,,none
17077,IL,37.7861,-89.3812,16060,micro
17079,IL,39.0049,-88.1507,,none
17081,IL,38.3008,-88.9242,34500,micro
17083,IL,39.0802,-90.3614,41180,metro
17085,IL,42.3624,-90.2115,,none
17087,IL,37.4607,-88.8821,,none
17089,IL,41.9396,-88.4280,16980,metro
17091,IL,41.1395,-87.8611,28100,metro
17093,IL,41.5881,-88.4306,16980,metro
17095,IL,40.9309,-90.2138,23660,micro
17097,IL,42.1860,-87.8059,16980,metro
17099,IL,41.3433,-88.8859,36837,micro
17101,IL,38.7190,-87.7302,,none
17103,IL,41.7474,-89.2994,19940,micro
17105,IL,40.8944,-88.5529,38700,micro
17107,IL,40.1293,-89.3653,30660,micro
17109,IL,40.4558,-90.6790,31380,micro
17111,IL,42.3243,-88.4522,16980,metro
17113,IL,40.4946,-88.8445,14010,metro
17115,IL,39.8602,-88.9615,19500,metro
17117,IL,39.2659,-89.9263,41180,metro
17119,IL,38.8271,-89.9002,41180,metro
17121,IL,38.6482,-88.9204,16460,micro
17123,IL,41.0311,-89.3424,37900,metro
17125,IL,40.2370,-89.9136,,none
17127,IL,37.2161,-88.7057,37140,metro
17129,IL,40.0226,-89.7941,44100,metro
17131,IL,41.2056,-90.7418,19340,metro
17133,IL,38.2780,-90.1791,41180,metro
17135,IL,39.2281,-89.4781,,none
17137,IL,39.7177,-90.2050,27300,micro
17139,IL,39.6369,-88.6257,,none
17141,IL,42.0419,-89.3202,40300,micro
17143,IL,40.7860,-89.7670,37900,metro
17145,IL,38.0844,-89.3685,,none
17147,IL,40.0090,-88.5924,16580,metro
17149,IL,39.6251,-90.8890,,none
17151,IL,37.4172,-88.5424,,none
17153,IL,37.2156,-89.1278,,none
17155,IL,41.1990,-89.2983,36837,micro
17157,IL,38.0565,-89.8212,,none
17159,IL,38.7122,-88.0855,,none
17161,IL,41.4684,-90.5721,19340,metro
17163,IL,38.4702,-89.9285,41180,metro
17165,IL,37.7515,-88.5450,,none
17167,IL,39.7569,-89.6624,44100,metro
17169,IL,40.1569,-90.6135,,none
17171,IL,39.6370,-90.4778,27300,micro
17173,IL,39.3849,-88.7989,,none
17175,IL,41.0969,-89.7974,37900,metro
17177,IL,42.3497,-89.6660,23300,micro
17179,IL,40.5081,-89.5163,37900,metro
17181,IL,37.4857,-89.2446,,none
17183,IL,40.1868,-87.7268,19180,micro
17185,IL,38.4458,-87.8392,,none
17187,IL,40.8504,-90.6202,,none
17189,IL,38.3531,-89.4172,,none
17191,IL,38.4319,-88.4324,,none
17193,IL,38.0873,-88.1786,,none
17195,IL,41.7507,-89.9110,44580,micro
17197,IL,41.4485,-87.9785,16980,metro
17199,IL,37.7304,-88.9300,32060,micro
17201,IL,42.3374,-89.1612,40420,metro
17203,IL,40.7898,-89.2106,37900,metro
18001,IN,40.7457,-84.9361,19540,micro
18003,IN,41.0919,-85.0718,23060,metro
18005,IN,39.2058,-85.8980,18020,metro
18007,IN,40.6009,-87.3148,29200,metro
18009,IN,40.4727,-85.3237,,none
18011,IN,40.0509,-86.4690,26900,metro
18013,IN,39.1951,-86.2301,26900,metro
18015,IN,40.5850,-86.5651,29200,metro
18017,IN,40.7538,-86.3552,30900,micro
18019,IN,38.4762,-85.7111,31140,metro
18021,IN,39.3939,-87.1159,45460,metro
18023,IN,40.3059,-86.4776,23140,micro
18025,IN,38.2894,-86.4409,,none
18027,IN,38.6961,-87.0769,47780,micro
18029,IN,39.1409,-84.9759,17140,metro
18031,IN,39.3060,-85.4998,24700,micro
18033,IN,41.3968,-85.0027,12140,micro
18035,IN,40.2275,-85.3993,34620,metro
18037,IN,38.3733,-86.8734,27540,micro
18039,IN,41.6007,-85.8640,21140,metro
18041,IN,39.6397,-85.1850,18220,micro
18043,IN,38.3181,-85.9118,31140,metro
18045,IN,40.1212,-87.2349,,none
18047,IN,39.4098,-85.0670,17140,metro
18049,IN,41.0504,-86.2650,,none
18051,IN,38.3174,-87.5805,,none
18053,IN,40.5158,-85.6549,31980,micro
18055,IN,39.0471,-87.0048,,none
18057,IN,40.0535,-86.0217,26900,metro
18059,IN,39.8225,-85.7732,26900,metro
18061,IN,38.1865,-86.1038,31140,metro
18063,IN,39.7690,-86.5099,26900,metro
18065,IN,39.9296,-85.3974,35220,micro
18067,IN,40.4835,-86.1141,29020,metro
18069,IN,40.8264,-85.4786,26540,micro
18071,IN,38.9120,-86.0425,42980,micro
18073,IN,41.0177,-87.1188,16980,metro
18075,IN,40.4350,-85.0023,,none
18077,IN,38.7836,-85.4401,31500,micro
18079,IN,38.9962,-85.6281,,none
18081,IN,39.4961,-86.0943,26900,metro
18083,IN,38.6884,-87.4204,47180,micro
18085,IN,41.2443,-85.8616,47700,micro
18087,IN,41.6425,-85.4278,,none
18089,IN,41.4722,-87.3743,16980,metro
18091,IN,41.5490,-86.7447,33140,metro
18093,IN,38.8398,-86.4878,13260,micro
18095,IN,40.1662,-85.7225,26900,metro
18097,IN,39.7830,-86.1358,26900,metro
18099,IN,41.3250,-86.2690,38500,micro
18101,IN,38.7053,-86.8018,,none
18103,IN,40.7729,-86.0443,37940,micro
18105,IN,39.1607,-86.5233,14020,metro
18107,IN,40.0403,-86.8927,18820,micro
18109,IN,39.4826,-86.4475,26900,metro
18111,IN,40.9624,-87.4022,16980,metro
18113,IN,41.4047,-85.4173,28340,micro
18115,IN,38.9405,-84.9643,17140,metro
18117,IN,38.5474,-86.4893,,none
18119,IN,39.3173,-86.8388,14020,metro
18121,IN,39.7743,-87.1970,,none
18123,IN,38.0814,-86.6265,,none
18125,IN,38.3980,-87.2325,,none
18127,IN,41.5099,-87.0713,16980,metro
18129,IN,38.0276,-87.8687,21780,metro
18131,IN,41.0453,-86.6925,,none
18133,IN,39.6655,-86.8534,24600,micro
18135,IN,40.1641,-85.0058,,none
18137,IN,39.1002,-85.2605,,none
18139,IN,39.6224,-85.4665,,none
18141,IN,41.6177,-86.2880,43780,metro
18143,IN,38.6794,-85.7519,,none
18145,IN,39.5241,-85.7922,26900,metro
18147,IN,38.0097,-87.0104,,none
18149,IN,41.2845,-86.6446,,none
18151,IN,41.6435,-85.0024,11420,micro
18153,IN,39.0892,-87.4158,45460,metro
18155,IN,38.8259,-85.0297,,none
18157,IN,40.3891,-86.8936,29200,metro
18159,IN,40.3102,-86.0562,26900,metro
18161,IN,39.6231,-84.9251,,none
18163,IN,38.0201,-87.5862,21780,metro
18165,IN,39.8540,-87.4621,45460,metro
18167,IN,39.4309,-87.3910,45460,metro
18169,IN,40.8437,-85.7952,47340,micro
18171,IN,40.3525,-87.3752,29200,metro
18173,IN,38.0977,-87.2720,21780,metro
18175,IN,38.6006,-86.1048,31140,metro
18177,IN,39.8631,-85.0067,39980,micro
18179,IN,40.7355,-85.2133,23060,metro
18181,IN,40.7510,-86.8643,33900,micro
18183,IN,41.1364,-85.5019,23060,metro
19001,IA,41.3285,-94.4782,,none
19003,IA,41.0217,-94.6969,,none
19005,IA,43.2750,-91.3828,,none
19007,IA,40.7442,-92.8731,,none
19009,IA,41.6792,-94.9043,,none
19011,IA,42.0925,-92.0576,16300,metro
19013,IA,42.4711,-92.3076,47940,metro
19015,IA,42.0386,-93.9386,11180,metro
19017,IA,42.7809,-92.3274,47940,metro
19019,IA,42.4703,-91.8387,,none
19021,IA,42.7415,-95.1414,44740,micro
19023,IA,42.7348,-92.7802,,none
19025,IA,42.3861,-94.6436,,none
19027,IA,42.0395,-94.8676,16140,micro
19029,IA,41.3338,-94.9333,,none
19031,IA,41.7724,-91.1326,,none
19033,IA,43.0750,-93.2510,32380,micro
19035,IA,42.7427,-95.6333,,none
19037,IA,43.0597,-92.3172,,none
19039,IA,41.0297,-93.7853,,none
19041,IA,43.0812,-95.1499,43980,micro
19043,IA,42.8410,-91.3236,,none
19045,IA,41.8981,-90.5342,17540,micro
19047,IA,42.0431,-95.3891,,none
19049,IA,41.6853,-94.0407,19780,metro
19051,IA,40.7481,-92.4103,,none
19053,IA,40.7364,-93.7846,,none
19055,IA,42.4730,-91.3668,,none
19057,IA,40.9153,-91.1869,15460,micro
19059,IA,43.3896,-95.1961,44020,micro
19061,IA,42.4635,-90.8788,20220,metro
19063,IA,43.3780,-94.6694,,none
19065,IA,42.8641,-91.8404,,none
19067,IA,43.0527,-92.7874,,none
19069,IA,42.7365,-93.2714,,none
19071,IA,40.7426,-95.5992,,none
19073,IA,42.0425,-94.3887,,none
19075,IA,42.4033,-92.7902,47940,metro
19077,IA,41.6836,-94.5013,19780,metro
19079,IA,42.3908,-93.7091,,none
19081,IA,43.0754,-93.7437,,none
19083,IA,42.3902,-93.2417,,none
19085,IA,41.6886,-95.8271,36540,metro
19087,IA,40.9848,-91.5473,,none
19089,IA,43.3653,-92.3219,,none
19091,IA,42.7822,-94.2028,,none
19093,IA,42.3919,-95.5074,,none
19095,IA,41.6839,-92.0591,,none
19097,IA,42.1642,-90.5746,,none
19099,IA,41.6856,-93.0541,19780,metro
19101,IA,41.0064,-91.9666,,none
19103,IA,41.6707,-91.5905,26980,metro
19105,IA,42.1251,-91.1169,16300,metro
19107,IA,41.3312,-92.1677,,none
19109,IA,43.2124,-94.2140,,none
19111,IA,40.6476,-91.4772,22800,micro
19113,IA,42.0780,-91.5977,16300,metro
19115,IA,41.2182,-91.2570,,none
19117,IA,41.0333,-93.3315,,none
19119,IA,43.3836,-96.2072,,none
19121,IA,41.3306,-94.0152,19780,metro
19123,IA,41.3308,-92.6364,36820,micro
19125,IA,41.3314,-93.0939,37800,micro
19127,IA,42.0417,-92.9814,32260,micro
19129,IA,41.0337,-95.6191,36540,metro
19131,IA,43.3486,-92.7845,,none
19133,IA,42.0494,-95.9566,,none
19135,IA,41.0288,-92.8696,,none
19137,IA,41.0217,-95.1578,,none
19139,IA,41.4838,-91.1187,34700,micro
19141,IA,43.0837,-95.6256,,none
19143,IA,43.3785,-95.6338,,none
19145,IA,40.7391,-95.1443,,none
19147,IA,43.0753,-94.6691,,none
19149,IA,42.7376,-96.2159,30180,micro
19151,IA,42.7340,-94.6783,,none
19153,IA,41.6848,-93.5690,19780,metro
19155,IA,41.3402,-95.5449,36540,metro
19157,IA,41.6846,-92.5229,,none
19159,IA,40.7353,-94.2443,,none
19161,IA,42.3875,-95.1052,,none
19163,IA,41.6421,-90.6223,19340,metro
19165,IA,41.6790,-95.3089,,none
19167,IA,43.0826,-96.1780,,none
19169,IA,42.0375,-93.4661,11180,metro
19171,IA,42.0748,-92.5294,,none
19173,IA,40.7379,-94.6971,,none
19175,IA,41.0286,-94.2451,,none
19177,IA,40.7541,-91.9529,,none
19179,IA,41.0313,-92.4095,36900,micro
19181,IA,41.3324,-93.5688,19780,metro
19183,IA,41.3294,-91.7251,26980,metro
19185,IA,40.7400,-93.3326,,none
19187,IA,42.4336,-94.1758,22700,micro
19189,IA,43.3781,-93.7435,,none
19191,IA,43.2930,-91.8508,,none
19193,IA,42.3932,-96.0533,43580,metro
19195,IA,43.3735,-93.2485,32380,micro
19197,IA,42.7330,-93.7347,,none
20001,KS,37.8842,-95.3009,,none
20003,KS,38.2151,-95.2920,,none
20005,KS,39.5325,-95.3134,11860,micro
20007,KS,37.2229,-98.6851,,none
20009,KS,38.4812,-98.7678,24460,micro
20011,KS,37.8561,-94.8509,,none
20013,KS,39.8259,-95.5699,,none
20015,KS,37.7736,-96.8388,48620,metro
20017,KS,38.2995,-96.5940,21380,micro
20019,KS,37.1543,-96.2454,,none
20021,KS,37.1694,-94.8457,27900,metro
20023,KS,39.7899,-101.7273,,none
20025,KS,37.2338,-99.8139,,none
20027,KS,39.3450,-97.1689,,none
20029,KS,39.4873,-97.6414,,none
20031,KS,38.2364,-95.7291,,none
20033,KS,37.1814,-99.2513,,none
20035,KS,37.2345,-96.8372,11680,micro
20037,KS,37.5058,-94.8539,38260,micro
20039,KS,39.7835,-100.4597,,none
20041,KS,38.8677,-97.1579,,none
20043,KS,39.7885,-95.1472,41140,metro
20045,KS,38.8964,-95.2909,29940,metro
20047,KS,37.8836,-99.3047,,none
20049,KS,37.4560,-96.2446,,none
20051,KS,38.9146,-99.3173,25700,micro
20053,KS,38.7008,-98.2054,,none
20055,KS,38.0498,-100.7400,23780,micro
20057,KS,37.6884,-99.8847,19980,micro
20059,KS,38.5580,-95.2790,36840,micro
20061,KS,39.0021,-96.7681,31740,metro
20063,KS,38.9172,-100.4874,,none
20065,KS,39.3550,-99.8799,,none
20067,KS,37.5475,-101.2994,,none
20069,KS,37.7445,-100.4517,,none
20071,KS,38.4804,-101.8060,,none
20073,KS,37.8793,-96.2417,,none
20075,KS,37.9952,-101.7937,,none
20077,KS,37.1882,-98.0666,,none
20079,KS,38.0501,-97.4367,48620,metro
20081,KS,37.5550,-100.8800,,none
20083,KS,38.0875,-99.8984,,none
20085,KS,39.4111,-95.7945,45820,metro
20087,KS,39.2396,-95.3753,45820,metro
20089,KS,39.7770,-98.2226,,none
20091,KS,38.8839,-94.8223,28140,metro
20093,KS,37.9945,-101.3081,,none
20095,KS,37.5530,-98.1445,,none
20097,KS,37.5612,-99.2865,,none
20099,KS,37.1915,-95.2975,,none
20101,KS,38.4813,-100.4662,,none
20103,KS,39.1895,-95.0390,28140,metro
20105,KS,39.0473,-98.2143,,none
20107,KS,38.2165,-94.8449,28140,metro
20109,KS,38.9133,-101.1574,,none
20111,KS,38.4554,-96.1616,21380,micro
20113,KS,38.3958,-97.6475,32700,micro
20115,KS,38.3596,-97.1028,,none
20117,KS,39.7827,-96.5212,,none
20119,KS,37.2439,-100.3601,,none
20121,KS,38.5668,-94.8330,28140,metro
20123,KS,39.3930,-98.2074,,none
20125,KS,37.1895,-95.7424,,none
20127,KS,38.6882,-96.6514,,none
20129,KS,37.1852,-101.8095,,none
20131,KS,39.7910,-96.0054,,none
20133,KS,37.5643,-95.3157,,none
20135,KS,38.4804,-99.9087,,none
20137,KS,39.7839,-99.8992,,none
20139,KS,38.6502,-95.7083,45820,metro
20141,KS,39.3483,-98.7679,,none
20143,KS,39.1380,-97.6548,41460,micro
20145,KS,38.1815,-99.2348,,none
20147,KS,39.7845,-99.3422,,none
20149,KS,39.3822,-96.3371,31740,metro
20151,KS,37.6476,-98.7401,,none
20153,KS,39.7862,-101.0767,,none
20155,KS,37.9482,-98.0783,26740,micro
20157,KS,39.8289,-97.6509,,none
20159,KS,38.3472,-98.2014,,none
20161,KS,39.2912,-96.7275,31740,metro
20163,KS,39.3460,-99.3245,,none
20165,KS,38.5236,-99.3092,,none
20167,KS,38.9160,-98.7709,,none
20169,KS,38.7918,-97.6515,41460,micro
20171,KS,38.4819,-100.9064,,none
20173,KS,37.6810,-97.4611,48620,metro
20175,KS,37.1810,-100.8553,30580,micro
20177,KS,39.0418,-95.7557,45820,metro
20179,KS,39.3505,-100.4412,,none
20181,KS,39.3514,-101.7199,,none
20183,KS,39.7847,-98.7854,,none
20185,KS,38.0356,-98.7199,,none
20187,KS,37.5659,-101.7894,,none
20189,KS,37.2017,-101.3173,,none
20191,KS,37.2367,-97.4934,48620,metro
20193,KS,39.3577,-101.0834,,none
20195,KS,38.9213,-99.8654,,none
20197,KS,38.9552,-96.2013,45820,metro
20199,KS,38.9266,-101.7711,,none
20201,KS,39.7767,-97.0956,,none
20203,KS,38.4819,-101.3474,,none
20205,KS,37.5585,-95.7452,,none
20207,KS,37.8882,-95.7585,,none
20209,KS,39.1154,-94.7631,28140,metro
21001,KY,37.1056,-85.2814,,none
21003,KY,36.7508,-86.1925,14540,metro
21005,KY,38.0054,-84.9864,23180,micro
21007,KY,37.0513,-89.0104,37140,metro
21009,KY,36.9628,-85.9321,23980,micro
21011,KY,38.1522,-83.7376,34460,micro
21013,KY,36.7289,-83.6807,33180,micro
21015,KY,38.9589,-84.7364,17140,metro
21017,KY,38.2026,-84.2099,30460,metro
21019,KY,38.3600,-82.6814,26580,metro
21021,KY,37.6181,-84.8684,19220,micro
21023,KY,38.6804,-84.1152,17140,metro
21025,KY,37.5178,-83.3172,,none
21027,KY,37.7780,-86.4329,,none
21029,KY,37.9699,-85.7026,31140,metro
21031,KY,37.2070,-86.6825,14540,metro
21033,KY,37.1486,-87.8705,,none
21035,KY,36.6210,-88.2741,34660,micro
21037,KY,38.9470,-84.3796,17140,metro
21039,KY,36.8572,-88.9766,37140,metro
21041,KY,38.6684,-85.1240,,none
21043,KY,38.3141,-83.0390,26580,metro
21045,KY,37.3220,-84.9282,,none
21047,KY,36.8921,-87.4930,17300,metro
21049,KY,37.9703,-84.1451,30460,metro
21051,KY,37.1643,-83.7155,18340,micro
21053,KY,36.7273,-85.1361,,none
21055,KY,37.3581,-88.1050,,none
21057,KY,36.7824,-85.3885,,none
21059,KY,37.7317,-87.0871,36980,metro
21061,KY,37.2275,-86.2180,14540,metro
21063,KY,38.1169,-83.0961,,none
21065,KY,37.6924,-83.9640,40080,micro
21067,KY,38.0407,-84.4583,30460,metro
21069,KY,38.3678,-83.6992,,none
21071,KY,37.5525,-82.7397,38210,micro
21073,KY,38.2349,-84.8688,23180,micro
21075,KY,36.5525,-89.1877,,none
21077,KY,38.7557,-84.8651,17140,metro
21079,KY,37.6302,-84.5459,,none
21081,KY,38.6492,-84.6259,17140,metro
21083,KY,36.7233,-88.6499,32460,micro
21085,KY,37.4586,-86.3440,,none
21087,KY,37.2781,-85.5379,15820,micro
21089,KY,38.5636,-82.9338,26580,metro
21091,KY,37.8433,-86.7928,,none
21093,KY,37.6958,-85.9632,21060,metro
21095,KY,36.8592,-83.2215,,none
21097,KY,38.4446,-84.3341,,none
21099,KY,37.3058,-85.8784,,none
21101,KY,37.7925,-87.5726,25775,micro
21103,KY,38.4514,-85.1196,31140,metro
21105,KY,36.6759,-88.9721,,none
21107,KY,37.3111,-87.5422,31580,micro
21109,KY,37.4035,-84.0206,,none
21111,KY,38.1895,-85.6576,31140,metro
21113,KY,37.8733,-84.5840,30460,metro
21115,KY,37.8478,-82.8301,,none
21117,KY,38.9305,-84.5334,17140,metro
21119,KY,37.3544,-82.9525,,none
21121,KY,36.8885,-83.8556,18340,micro
21123,KY,37.5445,-85.6968,21060,metro
21125,KY,37.1133,-84.1194,18340,micro
21127,KY,38.0745,-82.7383,26580,metro
21129,KY,37.6081,-83.7192,,none
21131,KY,37.0878,-83.3886,,none
21133,KY,37.1185,-82.8613,,none
21135,KY,38.5350,-83.3701,,none
21137,KY,37.4572,-84.6583,19220,micro
21139,KY,37.2095,-88.3634,37140,metro
21141,KY,36.8596,-86.8813,,none
21143,KY,37.0240,-88.0834,,none
21145,KY,37.0541,-88.7125,37140,metro
21147,KY,36.7311,-84.4911,,none
21149,KY,37.5267,-87.2656,36980,metro
21151,KY,37.7255,-84.2784,40080,micro
21153,KY,37.6990,-83.0697,,none
21155,KY,37.5526,-85.2690,,none
21157,KY,36.8820,-88.3328,,none
21159,KY,37.7968,-82.5066,,none
21161,KY,38.5941,-83.8281,,none
21163,KY,37.9675,-86.2009,31140,metro
21165,KY,37.9355,-83.5894,34460,micro
21167,KY,37.8121,-84.8797,,none
21169,KY,36.9924,-85.6335,23980,micro
21171,KY,36.7141,-85.7135,,none
21173,KY,38.0381,-83.9124,34460,micro
21175,KY,37.9229,-83.2589,,none
21177,KY,37.2138,-87.1341,,none
21179,KY,37.8031,-85.4659,31140,metro
21181,KY,38.3380,-84.0262,,none
21183,KY,37.4779,-86.8449,,none
21185,KY,38.4001,-85.4561,31140,metro
21187,KY,38.4994,-84.8416,,none
21189,KY,37.4236,-83.6916,,none
21191,KY,38.6963,-84.3519,17140,metro
21193,KY,37.2413,-83.2178,,none
21195,KY,37.4860,-82.4109,38210,micro
21197,KY,37.8096,-83.8312,,none
21199,KY,37.1074,-84.5770,43700,micro
21201,KY,38.5135,-84.0642,,none
21203,KY,37.3610,-84.3144,40080,micro
21205,KY,38.2043,-83.4281,,none
21207,KY,36.9906,-85.0550,,none
21209,KY,38.2857,-84.5783,30460,metro
21211,KY,38.2390,-85.2282,31140,metro
21213,KY,36.7409,-86.5818,23190,micro
21215,KY,38.0253,-85.3173,31140,metro
21217,KY,37.3662,-85.3281,15820,micro
21219,KY,36.8403,-87.1836,,none
21221,KY,36.8077,-87.8587,17300,metro
21223,KY,38.6200,-85.3512,,none
21225,KY,37.6580,-87.9517,,none
21227,KY,36.9956,-86.4236,14540,metro
21229,KY,37.7542,-85.1754,,none
21231,KY,36.8008,-84.8266,,none
21233,KY,37.5204,-87.6852,25775,micro
21235,KY,36.7580,-84.1446,18340,micro
21237,KY,37.7439,-83.4951,,none
21239,KY,38.0431,-84.7489,30460,metro
22001,LA,30.2915,-92.4110,29180,metro
22003,LA,30.6527,-92.8196,,none
22005,LA,30.2064,-90.9125,12940,metro
22007,LA,29.9033,-91.0652,12940,metro
22009,LA,31.0885,-91.9833,,none
22011,LA,30.6450,-93.3403,19760,micro
22013,LA,32.3410,-93.0412,,none
22015,LA,32.6985,-93.6266,43340,metro
22017,LA,32.5801,-93.8850,43340,metro
22019,LA,30.2296,-93.3580,29340,metro
22021,LA,32.1012,-92.1142,,none
22023,LA,29.8718,-93.1649,29340,metro
22025,LA,31.6665,-91.8467,,none
22027,LA,32.8272,-92.9897,,none
22029,LA,31.4698,-91.6263,35020,micro
22031,LA,32.0592,-93.7408,43340,metro
22033,LA,30.5439,-91.0931,12940,metro
22035,LA,32.7302,-91.2341,,none
22037,LA,30.8398,-91.0434,12940,metro
22039,LA,30.7207,-92.4041,,none
22041,LA,32.1391,-91.6724,,none
22043,LA,31.5978,-92.5617,10780,metro
22045,LA,29.6060,-91.8427,35340,micro
22047,LA,30.2707,-91.3659,12940,metro
22049,LA,32.3043,-92.5617,,none
22051,LA,29.5033,-90.0362,35380,metro
22053,LA,30.2695,-92.8162,29340,metro
22055,LA,30.2065,-92.0642,29180,metro
22057,LA,29.4920,-90.3948,26380,metro
22059,LA,31.6801,-92.1616,,none
22061,LA,32.6018,-92.6623,40820,micro
22063,LA,30.4404,-90.7275,12940,metro
22065,LA,32.3469,-91.2319,,none
22067,LA,32.8200,-91.8004,33740,metro
22069,LA,31.7325,-93.0825,35060,micro
22071,LA,30.0534,-89.9345,35380,metro
22073,LA,32.4809,-92.1516,33740,metro
22075,LA,29.2824,-89.5761,35380,metro
22077,LA,30.7083,-91.6046,12940,metro
22079,LA,31.1932,-92.5360,10780,metro
22081,LA,32.1012,-93.3491,,none
22083,LA,32.4132,-91.7484,33740,metro
22085,LA,31.5604,-93.5596,,none
22087,LA,29.9181,-89.2635,35380,metro
22089,LA,29.9057,-90.3579,35380,metro
22091,LA,30.8225,-90.7083,12940,metro
22093,LA,30.0248,-90.7940,35380,metro
22095,LA,30.1441,-90.4910,35380,metro
22097,LA,30.5834,-91.9893,36660,micro
22099,LA,30.1214,-91.6115,29180,metro
22101,LA,29.6293,-91.4638,34020,micro
22103,LA,30.4100,-89.9520,43640,metro
22105,LA,30.6213,-90.4065,25220,metro
22107,LA,32.0015,-91.3426,,none
22109,LA,29.3341,-90.8437,26380,metro
22111,LA,32.8293,-92.3756,33740,metro
22113,LA,29.8066,-92.3214,29180,metro
22115,LA,31.1028,-93.1883,,none
22117,LA,30.8521,-90.0463,14220,micro
22119,LA,32.7322,-93.3398,33380,micro
22121,LA,30.4641,-91.3098,12940,metro
22123,LA,32.7925,-91.4520,,none
22125,LA,30.8734,-91.4218,12940,metro
22127,LA,31.9412,-92.6413,,none
23001,ME,44.1677,-70.2074,30340,metro
23003,ME,46.7092,-68.6124,,none
23005,ME,43.8083,-70.3304,38860,metro
23007,ME,44.9767,-70.4149,,none
23009,ME,44.5649,-68.3707,,none
23011,ME,44.4170,-69.7658,12300,micro
23013,ME,44.0420,-69.0385,,none
23015,ME,43.9948,-69.5136,,none
23017,ME,44.4945,-70.7344,,none
23019,ME,45.4093,-68.6666,12620,metro
23021,ME,45.9156,-69.1022,,none
23023,ME,43.9168,-69.8442,38860,metro
23025,ME,45.5036,-69.9561,,none
23027,ME,44.5058,-69.1390,,none
23029,ME,44.9670,-67.6094,,none
23031,ME,43.4260,-70.6684,38860,metro
24001,MD,39.6123,-78.7031,19060,micro
24003,MD,38.9916,-76.5609,12580,metro
24005,MD,39.4432,-76.6166,12580,metro
24009,MD,38.5227,-76.5298,30500,metro
24011,MD,38.8715,-75.8317,,none
24013,MD,39.5633,-77.0153,12580,metro
24015,MD,39.5624,-75.9416,37980,metro
24017,MD,38.4729,-77.0154,47900,metro
24019,MD,38.4292,-76.0474,15700,micro
24021,MD,39.4702,-77.3976,47900,metro
24023,MD,39.5473,-79.2746,,none
24025,MD,39.5374,-76.2998,12580,metro
24027,MD,39.2523,-76.9244,12580,metro
24029,MD,39.2413,-76.1260,,none
24031,MD,39.1374,-77.2031,47900,metro
24033,MD,38.8293,-76.8482,47900,metro
24035,MD,39.0407,-76.0824,12580,metro
24037,MD,38.2231,-76.5345,30500,metro
24039,MD,38.0744,-75.8533,41540,metro
24041,MD,38.7483,-76.1785,20660,micro
24043,MD,39.6036,-77.8147,25180,metro
24045,MD,38.3674,-75.6321,41540,metro
24047,MD,38.2221,-75.3099,36180,micro
24510,MD,39.3000,-76.6105,12580,metro
25001,MA,41.7061,-70.1648,12700,metro
25003,MA,42.3715,-73.2179,38340,metro
25005,MA,41.7486,-71.0889,39300,metro
25007,MA,41.3810,-70.7015,47240,micro
25009,MA,42.6427,-70.8649,14460,metro
25011,MA,42.5845,-72.5918,24640,micro
25013,MA,42.1362,-72.6356,44140,metro
25015,MA,42.3395,-72.6637,11200,metro
25017,MA,42.4817,-71.3949,14460,metro
25019,MA,41.2934,-70.1022,34880,micro
25021,MA,42.1717,-71.1811,14460,metro
25023,MA,41.9872,-70.7419,14460,metro
25025,MA,42.3386,-71.0183,14460,metro
25027,MA,42.3117,-71.9403,49340,metro
26001,MI,44.6575,-83.2946,,none
26003,MI,46.5217,-86.6571,,none
26005,MI,42.4213,-86.2614,26090,micro
26007,MI,44.8950,-83.4266,10980,micro
26009,MI,45.0055,-85.1756,,none
26011,MI,44.0368,-83.7407,,none
26013,MI,46.6959,-88.3618,,none
26015,MI,42.5828,-85.3145,24340,metro
26017,MI,43.6997,-83.9787,13020,metro
26019,MI,44.6368,-86.2320,45900,metro
26021,MI,41.7914,-86.7425,35660,metro
26023,MI,41.9185,-85.0669,17740,micro
26025,MI,42.2430,-85.0124,12980,metro
26027,MI,41.9172,-86.0001,43780,metro
26029,MI,45.6186,-85.5437,,none
26031,MI,45.4760,-84.4954,,none
26033,MI,46.3218,-84.5206,42300,micro
26035,MI,43.9911,-84.8383,,none
26037,MI,42.9505,-84.5917,29620,metro
26039,MI,44.6802,-84.6113,,none
26041,MI,45.8052,-86.9019,21540,micro
26043,MI,46.0128,-87.8661,27020,micro
26045,MI,42.5895,-84.8465,29620,metro
26047,MI,45.5901,-84.9868,37950,micro
26049,MI,43.0211,-83.7064,22420,metro
26051,MI,43.9898,-84.3898,,none
26053,MI,46.4881,-89.7883,,none
26055,MI,44.7187,-85.5538,45900,metro
26057,MI,43.2923,-84.6047,10940,micro
26059,MI,41.9275,-84.6375,25880,micro
26061,MI,46.9984,-88.6519,26340,micro
26063,MI,43.9076,-82.8570,,none
26065,MI,42.6035,-84.3738,29620,metro
26067,MI,42.9447,-85.0738,24340,metro
26069,MI,44.3869,-83.3801,,none
26071,MI,46.1703,-88.5405,,none
26073,MI,43.6452,-84.8394,34380,micro
26075,MI,42.2485,-84.4209,27100,metro
26077,MI,42.2463,-85.5329,28020,metro
26079,MI,44.6789,-85.0890,45900,metro
26081,MI,43.0325,-85.5474,24340,metro
26083,MI,47.3673,-88.3513,26340,micro
26085,MI,43.9952,-85.8114,,none
26087,MI,43.0886,-83.2243,19820,metro
26089,MI,45.1462,-86.0516,45900,metro
26091,MI,41.8960,-84.0744,10300,micro
26093,MI,42.6025,-83.9117,19820,metro
26095,MI,46.5110,-85.5176,,none
26097,MI,46.1679,-85.3038,,none
26099,MI,42.6716,-82.9115,19820,metro
26101,MI,44.2453,-86.3275,,none
26103,MI,46.6566,-87.5840,32100,micro
26105,MI,43.9572,-86.4429,31220,micro
26107,MI,43.6353,-85.3328,13660,micro
26109,MI,45.5356,-87.5015,31940,micro
26111,MI,43.6482,-84.3794,33220,metro
26113,MI,44.3254,-85.0855,15620,micro
26115,MI,41.9161,-83.4871,33780,metro
26117,MI,43.3128,-85.1495,24340,metro
26119,MI,45.0241,-84.1301,,none
26121,MI,43.4287,-86.4209,34740,metro
26123,MI,43.5627,-85.7914,,none
26125,MI,42.6605,-83.3842,19820,metro
26127,MI,43.6040,-86.4672,,none
26129,MI,44.3333,-84.1281,,none
26131,MI,46.8353,-89.2769,,none
26133,MI,43.9976,-85.3223,,none
26135,MI,44.6873,-84.1269,,none
26137,MI,45.0218,-84.5766,,none
26139,MI,43.0550,-86.2193,24340,metro
26141,MI,45.2524,-83.4323,,none
26143,MI,44.3395,-84.6113,,none
26145,MI,43.3283,-84.0554,40980,metro
26147,MI,42.9288,-82.6689,19820,metro
26149,MI,41.9115,-85.5229,44780,micro
26151,MI,43.4492,-82.6428,,none
26153,MI,46.0211,-86.1970,,none
26155,MI,42.9515,-84.1464,37020,micro
26157,MI,43.4879,-83.4366,,none
26159,MI,42.2822,-86.3061,,none
26161,MI,42.2522,-83.8434,11460,metro
26163,MI,42.2847,-83.2620,19820,metro
26165,MI,44.3314,-85.5700,15620,micro
27001,MN,46.6024,-93.4197,,none
27003,MN,45.2741,-93.2427,33460,metro
27005,MN,46.9376,-95.7418,19810,micro
27007,MN,47.8795,-95.0050,13420,micro
27009,MN,45.7012,-94.0014,41060,metro
27011,MN,45.4199,-96.4022,,none
27013,MN,44.0337,-94.0640,31860,metro
27015,MN,44.2465,-94.7336,35580,micro
27017,MN,46.6038,-92.6710,20260,metro
27019,MN,44.8213,-93.8001,33460,metro
27021,MN,46.9517,-94.3337,14660,micro
27023,MN,45.0286,-95.5641,,none
27025,MN,45.5054,-92.9038,33460,metro
27027,MN,46.8984,-96.4949,22020,metro
27029,MN,47.5759,-95.3711,,none
27031,MN,47.7586,-90.3443,,none
27033,MN,44.0106,-95.1832,,none
27035,MN,46.4917,-94.0707,14660,micro
27037,MN,44.6709,-93.0625,33460,metro
27039,MN,44.0207,-92.8694,40340,metro
27041,MN,45.9368,-95.4622,10820,micro
27043,MN,43.6765,-93.9472,,none
27045,MN,43.6792,-92.0939,40340,metro
27047,MN,43.6742,-93.3503,10660,micro
27049,MN,44.4062,-92.7160,39860,micro
27051,MN,45.9307,-96.0107,,none
27053,MN,45.0061,-93.4752,33460,metro
27055,MN,43.6670,-91.5016,29100,metro
27057,MN,47.0956,-94.9133,,none
27059,MN,45.5624,-93.2963,33460,metro
27061,MN,47.4908,-93.6111,24330,micro
27063,MN,43.6711,-95.1497,,none
27065,MN,45.9478,-93.2978,,none
27067,MN,45.1527,-95.0050,48820,micro
27069,MN,48.7760,-96.7803,,none
27071,MN,48.2454,-93.7829,,none
27073,MN,44.9998,-96.1769,,none
27075,MN,47.5171,-91.4117,,none
27077,MN,48.7681,-94.9046,,none
27079,MN,44.3734,-93.7301,33460,metro
27081,MN,44.4082,-96.2720,,none
27083,MN,44.4092,-95.8473,32140,micro
27085,MN,44.8217,-94.2723,26780,micro
27087,MN,47.3284,-95.8111,,none
27089,MN,48.3627,-96.3578,,none
27091,MN,43.6772,-94.5471,21860,micro
27093,MN,45.1232,-94.5273,,none
27095,MN,45.9290,-93.6330,33460,metro
27097,MN,46.0205,-94.2666,,none
27099,MN,43.6662,-92.7595,12380,micro
27101,MN,44.0156,-95.7616,,none
27103,MN,44.3588,-94.2457,31860,metro
27105,MN,43.6777,-95.7631,49380,micro
27107,MN,47.3295,-96.4638,,none
27109,MN,43.9995,-92.4101,40340,metro
27111,MN,46.4057,-95.7146,22260,micro
27113,MN,48.0692,-96.0377,,none
27115,MN,46.1009,-92.7631,,none
27117,MN,44.0154,-96.2570,,none
27119,MN,47.7743,-96.4000,24220,metro
27121,MN,45.5896,-95.4467,,none
27123,MN,45.0152,-93.1000,33460,metro
27125,MN,47.8655,-96.0872,,none
27127,MN,44.4035,-95.2542,,none
27129,MN,44.7237,-94.9556,,none
27131,MN,44.3508,-93.2985,22060,micro
27133,MN,43.6696,-96.2632,43620,metro
27135,MN,48.7611,-95.8215,,none
27137,MN,47.5786,-92.5146,20260,metro
27139,MN,44.6518,-93.5337,33460,metro
27141,MN,45.4532,-93.7692,33460,metro
27143,MN,44.5757,-94.2301,,none
27145,MN,45.5552,-94.6105,41060,metro
27147,MN,44.0153,-93.2205,36940,micro
27149,MN,45.5935,-95.9923,,none
27151,MN,45.2758,-95.6901,,none
27153,MN,46.0666,-94.9006,,none
27155,MN,45.7699,-96.4748,,none
27157,MN,44.2896,-92.2335,40340,metro
27159,MN,46.5870,-94.9886,,none
27161,MN,44.0185,-93.5898,,none
27163,MN,45.0379,-92.8901,33460,metro
27165,MN,43.9781,-94.6138,,none
27167,MN,46.3623,-96.4767,47420,micro
27169,MN,43.9814,-91.7770,49100,micro
27171,MN,45.1751,-93.9664,33460,metro
27173,MN,44.7157,-95.8628,,none
28001,MS,31.4862,-91.3518,35020,micro
28003,MS,34.8866,-88.5811,18420,micro
28005,MS,31.2039,-90.7955,,none
28007,MS,33.0905,-89.5886,,none
28009,MS,34.8096,-89.2002,32820,metro
28011,MS,33.7991,-90.8841,17380,micro
28013,MS,33.9366,-89.3371,,none
28015,MS,33.4408,-89.9189,24900,micro
28017,MS,33.9333,-88.9476,,none
28019,MS,33.3460,-89.2513,,none
28021,MS,31.9728,-90.9154,,none
28023,MS,32.0454,-88.6880,32940,micro
28025,MS,33.6597,-88.7825,,none
28027,MS,34.2303,-90.6040,17260,micro
28029,MS,31.8669,-90.4488,27140,metro
28031,MS,31.6333,-89.5489,,none
28033,MS,34.8749,-89.9912,32820,metro
28035,MS,31.1886,-89.2594,25620,metro
28037,MS,31.4778,-90.8955,,none
28039,MS,30.8554,-88.6423,,none
28041,MS,31.2128,-88.6348,,none
28043,MS,33.7700,-89.8027,24980,micro
28045,MS,30.3916,-89.4828,25060,metro
28047,MS,30.4165,-89.0834,25060,metro
28049,MS,32.2678,-90.4660,27140,metro
28051,MS,33.1259,-90.0912,27140,metro
28053,MS,33.1310,-90.5234,,none
28055,MS,32.7555,-91.0035,,none
28057,MS,34.2811,-88.3631,46180,micro
28059,MS,30.4560,-88.6251,25060,metro
28061,MS,32.0167,-89.1192,29860,micro
28063,MS,31.7336,-91.0439,35020,micro
28065,MS,31.5648,-89.8271,,none
28067,MS,31.6166,-89.1685,29860,micro
28069,MS,32.7501,-88.6256,,none
28071,MS,34.3531,-89.4854,37060,micro
28073,MS,31.1976,-89.5064,25620,metro
28075,MS,32.4040,-88.6604,32940,micro
28077,MS,31.5500,-90.1075,,none
28079,MS,32.7606,-89.5222,,none
28081,MS,34.2924,-88.6824,46180,micro
28083,MS,33.5498,-90.2949,24900,micro
28085,MS,31.5352,-90.4536,15020,micro
28087,MS,33.4714,-88.4397,18060,micro
28089,MS,32.6344,-90.0342,27140,metro
28091,MS,31.2302,-89.8217,,none
28093,MS,34.7662,-89.5042,32820,metro
28095,MS,33.8900,-88.4850,,none
28097,MS,33.5007,-89.6396,24980,micro
28099,MS,32.7525,-89.1193,,none
28101,MS,32.4020,-89.1184,,none
28103,MS,33.1066,-88.5662,18060,micro
28105,MS,33.4223,-88.8762,44260,micro
28107,MS,34.3652,-89.9631,,none
28109,MS,30.7748,-89.5869,38100,micro
28111,MS,31.1693,-88.9888,25620,metro
28113,MS,31.1775,-90.3977,32620,micro
28115,MS,34.2271,-89.0372,,none
28117,MS,34.6206,-88.5222,46180,micro
28119,MS,34.2528,-90.2902,,none
28121,MS,32.2671,-89.9461,27140,metro
28123,MS,32.4120,-89.5335,27140,metro
28125,MS,32.8924,-90.8276,,none
28127,MS,31.9025,-89.9177,27140,metro
28129,MS,32.0190,-89.4949,,none
28131,MS,30.7902,-89.1123,25060,metro
28133,MS,33.6055,-90.5951,,none
28135,MS,33.9545,-90.1722,,none
28137,MS,34.6496,-89.9431,32820,metro
28139,MS,34.7636,-88.9188,,none
28141,MS,34.7388,-88.2348,,none
28143,MS,34.6522,-90.3718,32820,metro
28145,MS,34.4895,-89.0023,,none
28147,MS,31.1645,-90.1034,32620,micro
28149,MS,32.3561,-90.8524,46980,micro
28151,MS,33.2732,-90.9444,24740,micro
28153,MS,31.6425,-88.6782,,none
28155,MS,33.6121,-89.2840,44260,micro
28157,MS,31.1611,-91.3246,,none
28159,MS,33.0787,-89.0374,,none
28161,MS,34.0307,-89.7038,37060,micro
28163,MS,32.7657,-90.3879,27140,metro
29001,MO,40.1907,-92.6036,28860,micro
29003,MO,39.9889,-94.8036,41140,metro
29005,MO,40.4318,-95.4376,,none
29007,MO,39.2145,-91.8434,33020,micro
29009,MO,36.6994,-93.8343,,none
29011,MO,37.5008,-94.3441,,none
29013,MO,38.2572,-94.3392,28140,metro
29015,MO,38.3010,-93.2879,,none
29017,MO,37.3184,-90.0246,16020,metro
29019,MO,38.9899,-92.3102,17860,metro
29021,MO,39.6604,-94.8082,41140,metro
29023,MO,36.7152,-90.4031,38740,micro
29025,MO,39.6590,-93.9792,28140,metro
29027,MO,38.8355,-91.9234,27620,metro
29029,MO,38.0265,-92.7653,,none
29031,MO,37.3841,-89.6857,16020,metro
29033,MO,39.4274,-93.5002,,none
29035,MO,36.9449,-90.9457,,none
29037,MO,38.6465,-94.3545,28140,metro
29039,MO,37.7337,-93.8500,,none
29041,MO,39.5180,-92.9616,,none
29043,MO,36.9697,-93.1876,44180,metro
29045,MO,40.4073,-91.7295,,none
29047,MO,39.3156,-94.4215,28140,metro
29049,MO,39.6087,-94.3958,28140,metro
29051,MO,38.5032,-92.2800,27620,metro
29053,MO,38.8471,-92.8101,17860,metro
29055,MO,37.9666,-91.3139,,none
29057,MO,37.4323,-93.8549,,none
29059,MO,37.6836,-93.0338,44180,metro
29061,MO,39.9628,-93.9701,,none
29063,MO,39.8947,-94.4072,41140,metro
29065,MO,37.6031,-91.4897,,none
29067,MO,36.9465,-92.5159,,none
29069,MO,36.1530,-90.0623,28380,micro
29071,MO,38.4130,-91.0728,41180,metro
29073,MO,38.4412,-91.5058,,none
29075,MO,40.2081,-94.4053,,none
29077,MO,37.2582,-93.3406,44180,metro
29079,MO,40.1125,-93.5651,,none
29081,MO,40.3456,-93.9926,,none
29083,MO,38.3865,-93.7926,,none
29085,MO,37.9369,-93.3230,,none
29087,MO,40.0957,-95.2191,,none
29089,MO,39.1434,-92.6959,17860,metro
29091,MO,36.7744,-91.8874,48460,micro
29093,MO,37.6260,-90.6996,,none
29095,MO,39.0054,-94.3432,28140,metro
29097,MO,37.2052,-94.3373,27900,metro
29099,MO,38.2576,-90.5437,41180,metro
29101,MO,38.7415,-93.8119,47660,micro
29103,MO,40.1369,-92.1468,,none
29105,MO,37.6597,-92.5948,30060,micro
29107,MO,39.0687,-93.8026,28140,metro
29109,MO,37.1066,-93.8306,,none
29111,MO,40.0846,-91.7288,39500,micro
29113,MO,39.0623,-90.9629,41180,metro
29115,MO,39.8644,-93.1080,,none
29117,MO,39.7786,-93.5482,,none
29119,MO,36.6280,-94.3437,,none
29121,MO,39.8298,-92.5643,,none
29123,MO,37.4745,-90.3434,,none
29125,MO,38.1626,-91.9236,,none
29127,MO,39.8075,-91.6354,25300,micro
29129,MO,40.4214,-93.5676,,none
29131,MO,38.2167,-92.4299,,none
29133,MO,36.8263,-89.2959,43460,micro
29135,MO,38.6330,-92.5836,27620,metro
29137,MO,39.4983,-92.0065,,none
29139,MO,38.9352,-91.4654,,none
29141,MO,38.4208,-92.8748,,none
29143,MO,36.5943,-89.6559,,none
29145,MO,36.9084,-94.3350,27900,metro
29147,MO,40.3611,-94.8831,32340,micro
29149,MO,36.6853,-91.4018,,none
29151,MO,38.4643,-91.8595,27620,metro
29153,MO,36.6496,-92.4585,,none
29155,MO,36.2099,-89.7859,,none
29157,MO,37.7111,-89.8021,,none
29159,MO,38.7274,-93.2852,42740,micro
29161,MO,37.8663,-91.7903,40620,micro
29163,MO,39.3400,-91.1716,,none
29165,MO,39.3787,-94.7615,28140,metro
29167,MO,37.6168,-93.4008,44180,metro
29169,MO,37.8248,-92.2070,22780,micro
29171,MO,40.4786,-93.0145,,none
29173,MO,39.5535,-91.5248,25300,micro
29175,MO,39.4392,-92.4930,33620,micro
29177,MO,39.3084,-93.9957,28140,metro
29179,MO,37.3665,-90.9723,,none
29181,MO,36.6502,-90.8748,,none
29183,MO,38.7811,-90.6749,41180,metro
29185,MO,38.0422,-93.7766,,none
29186,MO,37.8858,-90.1615,,none
29187,MO,37.8107,-90.4739,22100,micro
29189,MO,38.6407,-90.4461,41180,metro
29195,MO,39.1358,-93.2042,32180,micro
29197,MO,40.4694,-92.5190,28860,micro
29199,MO,40.4477,-92.1428,,none
29201,MO,37.0478,-89.5681,43460,micro
29203,MO,37.1525,-91.3913,,none
29205,MO,39.7975,-92.0887,,none
29207,MO,36.8516,-89.9475,,none
29209,MO,36.7458,-93.4578,,none
29211,MO,40.2096,-93.1098,,none
29213,MO,36.6498,-93.0428,14700,micro
29215,MO,37.3143,-91.9645,,none
29217,MO,37.8502,-94.3416,,none
29219,MO,38.7619,-91.1593,41180,metro
29221,MO,37.9426,-90.8970,,none
29223,MO,37.1111,-90.4539,,none
29225,MO,37.2808,-92.8761,44180,metro
29227,MO,40.4805,-94.4192,,none
29229,MO,37.2676,-92.4800,,none
29510,MO,38.6357,-90.2446,41180,metro
30001,MT,45.1339,-112.8929,,none
30003,MT,45.4079,-107.5182,,none
30005,MT,48.4283,-108.9676,,none
30007,MT,46.3298,-111.4979,25740,metro
30009,MT,45.2245,-109.0286,13740,metro
30011,MT,45.5168,-104.5153,,none
30013,MT,47.3166,-111.3503,24500,metro
30015,MT,47.8868,-110.4362,,none
30017,MT,46.2614,-105.5504,,none
30019,MT,48.7944,-105.5417,,none
30021,MT,47.2661,-104.8983,,none
30023,MT,46.0947,-113.1416,,none
30025,MT,46.3182,-104.4057,,none
30027,MT,47.2218,-109.2330,,none
30029,MT,48.2954,-114.0521,28060,micro
30031,MT,45.5181,-111.1639,14580,metro
30033,MT,47.2672,-106.9960,,none
30035,MT,48.7057,-112.9905,,none
30037,MT,46.3806,-109.1746,,none
30039,MT,46.3960,-113.4274,,none
30041,MT,48.6320,-110.1063,,none
30043,MT,46.1242,-112.0594,25740,metro
30045,MT,47.0326,-110.3053,,none
30047,MT,47.6429,-114.0837,,none
30049,MT,47.1320,-112.3734,25740,metro
30051,MT,48.5597,-111.0369,,none
30053,MT,48.5524,-115.4632,,none
30055,MT,47.6296,-105.7572,,none
30057,MT,45.3253,-111.9138,,none
30059,MT,46.5857,-110.9217,,none
30061,MT,47.1297,-115.0854,33540,metro
30063,MT,47.0273,-113.8927,33540,metro
30065,MT,46.5053,-108.4398,,none
30067,MT,45.4631,-110.5349,,none
30069,MT,47.1419,-108.2266,,none
30071,MT,48.2501,-107.9289,,none
30073,MT,48.2286,-112.2208,,none
30075,MT,45.4089,-105.5553,,none
30077,MT,46.8442,-112.9311,,none
30079,MT,46.8124,-105.5039,,none
30081,MT,46.0777,-114.1058,,none
30083,MT,47.7856,-104.5634,,none
30085,MT,48.2827,-104.9952,,none
30087,MT,46.1732,-106.6668,,none
30089,MT,47.7565,-115.1803,,none
30091,MT,48.7056,-104.5339,,none
30093,MT,45.8962,-112.6601,15580,micro
30095,MT,45.6585,-109.3816,13740,metro
30097,MT,45.8113,-109.9448,,none
30099,MT,47.8190,-112.2817,,none
30101,MT,48.6451,-111.7335,,none
30103,MT,46.2271,-107.2753,,none
30105,MT,48.3499,-106.6704,,none
30107,MT,46.4970,-109.8577,,none
30109,MT,46.9630,-104.2745,,none
30111,MT,45.9370,-108.2767,13740,metro
31001,NE,40.5206,-98.5000,25580,micro
31003,NE,42.1832,-98.0580,,none
31005,NE,41.5719,-101.6959,,none
31007,NE,41.5397,-103.7263,42420,micro
31009,NE,41.9319,-99.9964,,none
31011,NE,41.7039,-98.0705,,none
31013,NE,42.2104,-103.0818,,none
31015,NE,42.8944,-98.7730,,none
31017,NE,42.3596,-99.9239,,none
31019,NE,40.8553,-99.0750,28260,micro
31021,NE,41.8542,-96.3377,,none
31023,NE,41.2261,-97.1320,,none
31025,NE,40.9099,-96.1406,36540,metro
31027,NE,42.6046,-97.2569,,none
31029,NE,40.5304,-101.6942,,none
31031,NE,42.5713,-101.0477,,none
31033,NE,41.2142,-103.0119,,none
31035,NE,40.5237,-98.0509,25580,micro
31037,NE,41.5750,-97.0889,18100,micro
31039,NE,41.9159,-96.7885,,none
31041,NE,41.3939,-99.7269,,none
31043,NE,42.3916,-96.5613,43580,metro
31045,NE,42.7130,-103.1354,,none
31047,NE,40.8678,-99.8156,30420,micro
31049,NE,41.1119,-102.3326,,none
31051,NE,42.4851,-96.8558,,none
31053,NE,41.5770,-96.6459,23340,micro
31055,NE,41.2971,-96.1541,36540,metro
31057,NE,40.1802,-101.6811,,none
31059,NE,40.5250,-97.5967,,none
31061,NE,40.1832,-98.9621,,none
31063,NE,40.5309,-100.4067,,none
31065,NE,40.1923,-99.9086,,none
31067,NE,40.2552,-96.6835,13100,micro
31069,NE,41.6334,-102.3030,,none
31071,NE,41.9069,-98.9513,,none
31073,NE,40.5091,-99.8232,30420,micro
31075,NE,41.9140,-101.7560,,none
31077,NE,41.5676,-98.5306,,none
31079,NE,40.8660,-98.5027,24260,metro
31081,NE,40.8728,-98.0223,,none
31083,NE,40.1788,-99.4034,,none
31085,NE,40.5372,-101.0480,,none
31087,NE,40.1769,-101.0442,,none
31089,NE,42.4593,-98.7848,,none
31091,NE,41.9203,-101.1173,,none
31093,NE,41.2169,-98.5133,24260,metro
31095,NE,40.1757,-97.1431,,none
31097,NE,40.3950,-96.2653,,none
31099,NE,40.5091,-98.9476,28260,micro
31101,NE,41.1942,-101.6444,,none
31103,NE,42.8755,-99.7184,,none
31105,NE,41.1993,-103.7032,,none
31107,NE,42.6344,-97.8913,,none
31109,NE,40.7835,-96.6887,30700,metro
31111,NE,41.0503,-100.7445,35820,micro
31113,NE,41.5422,-100.4437,35820,micro
31115,NE,41.9028,-99.5093,,none
31117,NE,41.6484,-101.1209,,none
31119,NE,41.9099,-97.6069,35740,micro
31121,NE,41.1698,-98.0311,24260,metro
31123,NE,41.7322,-102.9906,,none
31125,NE,41.4024,-97.9914,,none
31127,NE,40.3874,-95.8527,,none
31129,NE,40.1765,-98.0468,,none
31131,NE,40.6380,-96.1310,,none
31133,NE,40.1378,-96.2452,,none
31135,NE,40.8576,-101.6275,,none
31137,NE,40.5164,-99.4066,,none
31139,NE,42.2714,-97.6110,35740,micro
31141,NE,41.5769,-97.5135,18100,micro
31143,NE,41.1879,-97.5707,,none
31145,NE,40.1694,-100.4686,,none
31147,NE,40.1237,-95.7186,,none
31149,NE,42.3947,-99.4209,,none
31151,NE,40.5168,-97.1318,,none
31153,NE,41.1151,-96.1091,36540,metro
31155,NE,41.2234,-96.6421,36540,metro
31157,NE,41.8505,-103.7030,42420,micro
31159,NE,40.8719,-97.1404,30700,metro
31161,NE,42.5123,-102.3683,,none
31163,NE,41.2187,-98.9728,,none
31165,NE,42.4707,-103.7322,,none
31167,NE,41.9050,-97.1771,35740,micro
31169,NE,40.1734,-97.5962,,none
31171,NE,41.8557,-100.5247,,none
31173,NE,42.1541,-96.5339,,none
31175,NE,41.5641,-98.9835,,none
31177,NE,41.5340,-96.2246,36540,metro
31179,NE,42.2107,-97.1262,,none
31181,NE,40.1806,-98.4986,25580,micro
31183,NE,41.9226,-98.5209,,none
31185,NE,40.8731,-97.5967,,none
32001,NV,39.5377,-118.2642,21980,micro
32003,NV,36.2141,-115.0144,29820,metro
32005,NV,38.9051,-119.6090,23820,micro
32007,NV,41.1411,-115.3514,21220,micro
32009,NV,37.7790,-117.6324,,none
32011,NV,39.9778,-116.2722,21220,micro
32013,NV,41.4079,-118.1276,49080,micro
32015,NV,39.9002,-117.0472,,none
32017,NV,37.6346,-114.8630,,none
32019,NV,39.0222,-119.1974,39900,metro
32021,NV,38.5166,-118.4163,,none
32023,NV,37.9659,-116.4590,37220,micro
32027,NV,40.4396,-118.4095,,none
32029,NV,39.4384,-119.5246,39900,metro
32031,NV,40.7313,-119.6633,39900,metro
32033,NV,39.4182,-114.9006,,none
32510,NV,39.1531,-119.7474,16180,metro
33001,NH,43.5191,-71.4254,29060,micro
33003,NH,43.8678,-71.2016,,none
33005,NH,42.9255,-72.2482,28300,micro
33007,NH,44.6525,-71.2894,,none
33009,NH,43.9264,-71.8424,30150,micro
33011,NH,42.9115,-71.7231,31700,metro
33013,NH,43.2996,-71.6800,18180,micro
33015,NH,42.9887,-71.0991,14460,metro
33017,NH,43.2933,-71.0356,14460,metro
33019,NH,43.3612,-72.2221,30150,micro
34001,NJ,39.4694,-74.6338,12100,metro
34003,NJ,40.9597,-74.0747,35620,metro
34005,NJ,39.8758,-74.6630,37980,metro
34007,NJ,39.8024,-74.9612,37980,metro
34009,NJ,39.0858,-74.8464,12100,metro
34011,NJ,39.3284,-75.1216,47220,metro
34013,NJ,40.7874,-74.2463,35620,metro
34015,NJ,39.7229,-75.1457,37980,metro
34017,NJ,40.7314,-74.0786,35620,metro
34019,NJ,40.5653,-74.9120,35620,metro
34021,NJ,40.2825,-74.7037,45940,metro
34023,NJ,40.4396,-74.4074,35620,metro
34025,NJ,40.2870,-74.1524,35620,metro
34027,NJ,40.8589,-74.5473,35620,metro
34029,NJ,39.8657,-74.2589,35620,metro
34031,NJ,41.0367,-74.2994,35620,metro
34033,NJ,39.5738,-75.3574,37980,metro
34035,NJ,40.5655,-74.6199,35620,metro
34037,NJ,41.1375,-74.6919,35620,metro
34039,NJ,40.6599,-74.3087,35620,metro
34041,NJ,40.8535,-75.0095,10900,metro
35001,NM,35.0536,-106.6691,10740,metro
35003,NM,33.9016,-108.3919,,none
35005,NM,33.3616,-104.4698,40740,micro
35006,NM,34.9283,-107.9927,,none
35007,NM,36.6130,-104.6401,,none
35009,NM,34.5730,-103.3461,17580,micro
35011,NM,34.3593,-104.3687,,none
35013,NM,32.3499,-106.8350,29740,metro
35015,NM,32.4578,-104.3064,16100,micro
35017,NM,32.7321,-108.3815,43500,micro
35019,NM,34.8698,-104.7850,,none
35021,NM,35.8594,-103.8534,,none
35023,NM,31.8981,-108.7519,,none
35025,NM,32.7957,-103.4133,26020,micro
35027,NM,33.7408,-105.4498,40760,micro
35028,NM,35.8700,-106.3080,31060,micro
35029,NM,32.1845,-107.7472,19700,micro
35031,NM,35.5841,-108.2533,23700,micro
35033,NM,35.9828,-104.9219,29780,micro
35035,NM,32.6156,-105.7513,10460,micro
35037,NM,35.1070,-103.5481,,none
35039,NM,36.5097,-106.6940,21580,micro
35041,NM,34.0212,-103.4830,17580,micro
35043,NM,35.6851,-106.8831,10740,metro
35045,NM,36.5116,-108.3246,22140,metro
35047,NM,35.4769,-104.8035,29780,micro
35049,NM,35.5145,-105.9640,42140,metro
35051,NM,33.1195,-107.1882,,none
35053,NM,33.9917,-106.9391,,none
35055,NM,36.5772,-105.6389,45340,micro
35057,NM,34.5550,-105.8906,10740,metro
35059,NM,36.4881,-103.4757,,none
35061,NM,34.7168,-106.8066,10740,metro
36001,NY,42.5882,-73.9740,10580,metro
36003,NY,42.2479,-78.0262,,none
36005,NY,40.8487,-73.8529,35620,metro
36007,NY,42.1620,-75.8303,13780,metro
36009,NY,42.2391,-78.6623,36460,micro
36011,NY,43.0085,-76.5746,12180,micro
36013,NY,42.3042,-79.4076,27460,micro
36015,NY,42.1487,-76.7525,21300,metro
36017,NY,42.4780,-75.6022,,none
36019,NY,44.7527,-73.7056,38460,micro
36021,NY,42.2477,-73.6267,26460,micro
36023,NY,42.5940,-76.0762,18660,micro
36025,NY,42.1940,-74.9667,,none
36027,NY,41.7548,-73.7400,28880,metro
36029,NY,42.7528,-78.7782,15380,metro
36031,NY,44.1096,-73.7784,,none
36033,NY,44.5944,-74.3107,,none
36035,NY,43.1156,-74.4237,24100,micro
36037,NY,43.0009,-78.1928,12860,micro
36039,NY,42.2870,-74.1495,,none
36041,NY,43.6579,-74.5025,,none
36043,NY,43.5710,-74.8411,46540,metro
36045,NY,43.9964,-76.0530,48060,metro
36047,NY,40.6350,-73.9506,35620,metro
36049,NY,43.7827,-75.4441,,none
36051,NY,42.7290,-77.7785,40380,metro
36053,NY,42.9100,-75.6636,45060,metro
36055,NY,43.2503,-77.7005,40380,metro
36057,NY,42.9009,-74.4354,11220,micro
36059,NY,40.7296,-73.5894,35620,metro
36061,NY,40.7766,-73.9702,35620,metro
36063,NY,43.2727,-78.8129,15380,metro
36065,NY,43.2427,-75.4343,46540,metro
36067,NY,43.0065,-76.1961,45060,metro
36069,NY,42.8564,-77.3035,40380,metro
36071,NY,41.4024,-74.3063,28880,metro
36073,NY,43.3399,-78.2070,40380,metro
36075,NY,43.4614,-76.2093,45060,metro
36077,NY,42.6298,-75.0288,36580,micro
36079,NY,41.4279,-73.7439,35620,metro
36081,NY,40.6547,-73.8412,35620,metro
36083,NY,42.7104,-73.5138,10580,metro
36085,NY,40.5613,-74.1399,35620,metro
36087,NY,41.1546,-74.0247,35620,metro
36089,NY,44.4881,-75.0743,32390,micro
36091,NY,43.1061,-73.8554,10580,metro
36093,NY,42.8176,-74.0436,10580,metro
36095,NY,42.5913,-74.4382,10580,metro
36097,NY,42.4198,-76.9386,,none
36099,NY,42.7823,-76.8271,42900,micro
36101,NY,42.2667,-77.3855,18500,micro
36103,NY,40.9436,-72.6922,35620,metro
36105,NY,41.7200,-74.7716,33910,micro
36107,NY,42.1781,-76.2975,13780,metro
36109,NY,42.4530,-76.4735,27060,metro
36111,NY,41.9472,-74.2655,28740,metro
36113,NY,43.5551,-73.8381,24020,metro
36115,NY,43.3124,-73.4394,24020,metro
36117,NY,43.2181,-77.0494,40380,metro
36119,NY,41.1527,-73.7458,35620,metro
36121,NY,42.7014,-78.2286,,none
36123,NY,42.6382,-77.1043,,none
37001,NC,36.0440,-79.4006,15500,metro
37003,NC,35.9210,-81.1775,25860,metro
37005,NC,36.4894,-81.1323,,none
37007,NC,34.9750,-80.1098,16740,metro
37009,NC,36.4435,-81.4993,,none
37011,NC,36.0721,-81.9203,,none
37013,NC,35.4823,-76.8420,47820,micro
37015,NC,36.0590,-76.9624,,none
37017,NC,34.5919,-78.5395,,none
37019,NC,34.0388,-78.2278,48900,metro
37021,NC,35.6094,-82.5304,11700,metro
37023,NC,35.7462,-81.7062,25860,metro
37025,NC,35.3883,-80.5527,16740,metro
37027,NC,35.9664,-81.5125,25860,metro
37029,NC,36.3423,-76.1625,47260,metro
37031,NC,34.8583,-76.5359,33980,micro
37033,NC,36.3943,-79.3396,,none
37035,NC,35.6619,-81.2149,25860,metro
37037,NC,35.7050,-79.2515,20500,metro
37039,NC,35.1371,-84.0614,,none
37041,NC,36.1290,-76.6028,,none
37043,NC,35.0530,-83.7523,,none
37045,NC,35.3346,-81.5571,43140,micro
37047,NC,34.2616,-78.6393,,none
37049,NC,35.1168,-77.0813,35100,micro
37051,NC,35.0502,-78.8287,22180,metro
37053,NC,36.3722,-75.9412,47260,metro
37055,NC,35.6063,-75.7675,28620,micro
37057,NC,35.7951,-80.2071,49180,metro
37059,NC,35.9294,-80.5426,49180,metro
37061,NC,34.9344,-77.9335,,none
37063,NC,36.0338,-78.8781,20500,metro
37065,NC,35.9171,-77.6027,40580,metro
37067,NC,36.1325,-80.2570,49180,metro
37069,NC,36.0882,-78.2831,39580,metro
37071,NC,35.2933,-81.1773,16740,metro
37073,NC,36.4421,-76.7024,47260,metro
37075,NC,35.3484,-83.8309,,none
37077,NC,36.2999,-78.6576,,none
37079,NC,35.4820,-77.6817,,none
37081,NC,36.0791,-79.7887,24660,metro
37083,NC,36.2514,-77.6448,40260,micro
37085,NC,35.3687,-78.8717,11360,micro
37087,NC,35.5589,-82.9813,48200,micro
37089,NC,35.3364,-82.4796,11700,metro
37091,NC,36.3635,-76.9816,,none
37093,NC,35.0172,-79.2420,22180,metro
37095,NC,35.4082,-76.1537,,none
37097,NC,35.8063,-80.8745,16740,metro
37099,NC,35.2855,-83.1240,,none
37101,NC,35.5134,-78.3673,39580,metro
37103,NC,35.0323,-77.3562,35100,micro
37105,NC,35.4763,-79.1721,41820,micro
37107,NC,35.2401,-77.6355,28820,micro
37109,NC,35.4885,-81.2269,16740,metro
37111,NC,35.6823,-82.0480,32000,micro
37113,NC,35.1530,-83.4219,,none
37115,NC,35.8642,-82.7126,11700,metro
37117,NC,35.8473,-77.1196,,none
37119,NC,35.2469,-80.8338,16740,metro
37121,NC,36.0131,-82.1636,,none
37123,NC,35.3275,-79.9108,,none
37125,NC,35.3083,-79.4927,38240,metro
37127,NC,35.9659,-77.9876,40580,metro
37129,NC,34.1834,-77.8642,48900,metro
37131,NC,36.4218,-77.3984,40260,micro
37133,NC,34.7631,-77.4995,27340,metro
37135,NC,36.0625,-79.1200,20500,metro
37137,NC,35.1476,-76.6653,35100,micro
37139,NC,36.2652,-76.2607,21020,micro
37141,NC,34.5126,-77.8881,48900,metro
37143,NC,36.1809,-76.4032,,none
37145,NC,36.3864,-78.9656,20500,metro
37147,NC,35.5925,-77.3727,24780,metro
37149,NC,35.2779,-82.1676,,none
37151,NC,35.7099,-79.8062,24660,metro
37153,NC,35.0046,-79.7557,40460,micro
37155,NC,34.6392,-79.1009,31300,micro
37157,NC,36.3818,-79.7828,24660,metro
37159,NC,35.6414,-80.5217,16740,metro
37161,NC,35.4027,-81.9196,22580,micro
37163,NC,34.9893,-78.3713,,none
37165,NC,34.8400,-79.4773,29900,micro
37167,NC,35.3104,-80.2544,10620,micro
37169,NC,36.3938,-80.2699,49180,metro
37171,NC,36.4154,-80.6865,34340,micro
37173,NC,35.5688,-83.4656,,none
37175,NC,35.2101,-82.8167,14820,micro
37177,NC,35.8704,-76.1653,,none
37179,NC,34.9918,-80.5304,16740,metro
37181,NC,36.3655,-78.4054,25780,micro
37183,NC,35.7898,-78.6506,39580,metro
37185,NC,36.3981,-78.0999,,none
37187,NC,35.8447,-76.5723,,none
37189,NC,36.2354,-81.7099,14380,micro
37191,NC,35.3542,-78.0087,24140,metro
37193,NC,36.2089,-81.1661,35900,micro
37195,NC,35.7004,-77.9216,48980,micro
37197,NC,36.1588,-80.6652,49180,metro
37199,NC,35.8893,-82.3040,,none
38001,ND,46.0968,-102.5332,,none
38003,ND,46.9425,-98.0702,,none
38005,ND,48.0717,-99.3512,,none
38007,ND,47.0070,-103.3640,19860,micro
38009,ND,48.7944,-100.8313,,none
38011,ND,46.1101,-103.5059,,none
38013,ND,48.7865,-102.5201,,none
38015,ND,46.9788,-100.4695,13900,metro
38017,ND,46.9270,-97.2524,22020,metro
38019,ND,48.7684,-98.4638,,none
38021,ND,46.1078,-98.4965,,none
38023,ND,48.8148,-103.5093,,none
38025,ND,47.3546,-102.6123,19860,micro
38027,ND,47.7234,-98.9005,,none
38029,ND,46.2843,-100.2378,,none
38031,ND,47.4714,-98.8729,,none
38033,ND,46.9389,-103.8446,,none
38035,ND,47.9260,-97.4509,24220,metro
38037,ND,46.3578,-101.6390,,none
38039,ND,47.4563,-98.2323,,none
38041,ND,46.4357,-102.4542,,none
38043,ND,46.9383,-99.7312,,none
38045,ND,46.4642,-98.5261,,none
38047,ND,46.4693,-99.5046,,none
38049,ND,48.2338,-100.6333,33500,metro
38051,ND,46.1087,-99.4165,,none
38053,ND,47.7425,-103.4032,,none
38055,ND,47.6532,-101.4219,,none
38057,ND,47.3071,-101.8333,,none
38059,ND,46.7100,-101.3100,13900,metro
38061,ND,48.2101,-102.3649,,none
38063,ND,47.9187,-98.2044,,none
38065,ND,47.1181,-101.3314,13900,metro
38067,ND,48.7669,-97.5454,,none
38069,ND,48.2389,-99.9665,,none
38071,ND,48.2662,-98.7390,,none
38073,ND,46.4493,-97.6476,,none
38075,ND,48.7128,-101.6582,33500,metro
38077,ND,46.2652,-96.9380,47420,micro
38079,ND,48.7683,-99.8405,,none
38081,ND,46.1082,-97.6301,,none
38083,ND,47.5814,-100.3310,,none
38085,ND,46.1106,-101.0613,,none
38087,ND,46.4458,-103.4625,,none
38089,ND,46.8170,-102.6620,19860,micro
38091,ND,47.4511,-97.7189,,none
38093,ND,46.9722,-98.9561,27420,micro
38095,ND,48.6822,-99.2482,,none
38097,ND,47.4463,-97.1646,,none
38099,ND,48.3770,-97.7222,,none
38101,ND,48.2167,-101.5405,33500,metro
38103,ND,47.5809,-99.6822,,none
38105,ND,48.3558,-103.5013,48780,micro
39001,OH,38.8345,-83.4781,,none
39003,OH,40.7716,-84.1061,30620,metro
39005,OH,40.8433,-82.2701,11740,micro
39007,OH,41.9066,-80.7456,17410,metro
39009,OH,39.3328,-82.0459,11900,micro
39011,OH,40.5613,-84.2240,47540,micro
39013,OH,40.0177,-80.9677,48540,metro
39015,OH,38.9314,-83.8668,17140,metro
39017,OH,39.4397,-84.5657,17140,metro
39019,OH,40.5799,-81.0908,15940,metro
39021,OH,40.1328,-83.7676,46500,micro
39023,OH,39.9170,-83.7837,44220,metro
39025,OH,39.0521,-84.1495,17140,metro
39027,OH,39.4167,-83.8046,48940,micro
39029,OH,40.7701,-80.7785,41400,micro
39031,OH,40.2967,-81.9301,18740,micro
39033,OH,40.8485,-82.9248,15340,micro
39035,OH,41.5550,-81.6050,17410,metro
39037,OH,40.1315,-84.6212,24820,micro
39039,OH,41.3217,-84.4864,19580,micro
39041,OH,40.2789,-83.0075,18140,metro
39043,OH,41.3941,-82.5868,41780,metro
39045,OH,39.7477,-82.6267,18140,metro
39047,OH,39.5552,-83.4619,47920,micro
39049,OH,39.9699,-83.0091,18140,metro
39051,OH,41.5973,-84.1243,45780,metro
39053,OH,38.8170,-82.3017,23680,micro
39055,OH,41.4993,-81.1735,17410,metro
39057,OH,39.6875,-83.8949,19430,metro
39059,OH,40.0567,-81.4979,15740,micro
39061,OH,39.1969,-84.5442,17140,metro
39063,OH,41.0002,-83.6659,22300,micro
39065,OH,40.6604,-83.6641,,none
39067,OH,40.2923,-81.0916,,none
39069,OH,41.3316,-84.0689,,none
39071,OH,39.1844,-83.6014,,none
39073,OH,39.4903,-82.4834,18140,metro
39075,OH,40.5656,-81.9300,,none
39077,OH,41.1451,-82.5946,35940,micro
39079,OH,39.0135,-82.6141,,none
39081,OH,40.3994,-80.7635,48260,metro
39083,OH,40.4036,-82.4224,34540,micro
39085,OH,41.7781,-81.1973,17410,metro
39087,OH,38.6039,-82.5172,26580,metro
39089,OH,40.0915,-82.4834,18140,metro
39091,OH,40.3876,-83.7663,13340,micro
39093,OH,41.4388,-82.1797,17410,metro
39095,OH,41.6823,-83.4689,45780,metro
39097,OH,39.8966,-83.4009,18140,metro
39099,OH,41.0109,-80.7704,49660,metro
39101,OH,40.5880,-83.1688,32020,micro
39103,OH,41.1162,-81.8998,17410,metro
39105,OH,39.0898,-82.0284,,none
39107,OH,40.5353,-84.6321,16380,micro
39109,OH,40.0533,-84.2284,19430,metro
39111,OH,39.7263,-81.0910,,none
39113,OH,39.7537,-84.2906,19430,metro
39115,OH,39.6249,-81.8617,,none
39117,OH,40.5253,-82.7977,18140,metro
39119,OH,39.9660,-81.9435,49780,micro
39121,OH,39.7672,-81.4525,,none
39123,OH,41.5455,-83.0126,41780,metro
39125,OH,41.1189,-84.5821,,none
39127,OH,39.7432,-82.2380,18140,metro
39129,OH,39.6489,-83.0528,18140,metro
39131,OH,39.0713,-83.0529,,none
39133,OH,41.1690,-81.1970,10420,metro
39135,OH,39.7388,-84.6448,,none
39137,OH,41.0245,-84.1299,,none
39139,OH,40.7742,-82.5428,31900,metro
39141,OH,39.3239,-83.0595,17060,micro
39143,OH,41.3553,-83.1428,23380,micro
39145,OH,38.8149,-82.9987,39020,micro
39147,OH,41.1200,-83.1275,45660,micro
39149,OH,40.3367,-84.2041,43380,micro
39151,OH,40.8141,-81.3657,15940,metro
39153,OH,41.1218,-81.5349,10420,metro
39155,OH,41.3064,-80.7704,49660,metro
39157,OH,40.4474,-81.4712,35420,micro
39159,OH,40.2959,-83.3670,18140,metro
39161,OH,40.8555,-84.5858,46780,micro
39163,OH,39.2520,-82.4860,,none
39165,OH,39.4257,-84.1699,17140,metro
39167,OH,39.4507,-81.4906,31930,micro
39169,OH,40.8297,-81.8872,49300,micro
39171,OH,41.5650,-84.5843,,none
39173,OH,41.3602,-83.6227,45780,metro
39175,OH,40.8398,-83.3137,,none
40001,OK,35.8980,-94.6510,,none
40003,OK,36.7297,-98.3234,,none
40005,OK,34.3925,-96.0366,,none
40007,OK,36.7483,-100.4831,,none
40009,OK,35.2706,-99.6901,21120,micro
40011,OK,35.8778,-98.4290,,none
40013,OK,33.9640,-96.2651,20460,micro
40015,OK,35.1679,-98.3810,,none
40017,OK,35.5434,-97.9799,36420,metro
40019,OK,34.2518,-97.2879,11620,micro
40021,OK,35.9044,-94.9968,45140,micro
40023,OK,34.0277,-95.5541,,none
40025,OK,36.7484,-102.5177,,none
40027,OK,35.2064,-97.3231,36420,metro
40029,OK,34.5829,-96.2880,,none
40031,OK,34.6626,-98.4766,30020,metro
40033,OK,34.2907,-98.3734,30020,metro
40035,OK,36.7639,-95.2016,,none
40037,OK,35.9074,-96.3802,46140,metro
40039,OK,35.6456,-98.9974,48220,micro
40041,OK,36.3934,-94.8082,,none
40043,OK,35.9780,-99.0144,,none
40045,OK,36.2243,-99.7501,,none
40047,OK,36.3781,-97.7887,21420,metro
40049,OK,34.7094,-97.3127,,none
40051,OK,35.0211,-97.8869,36420,metro
40053,OK,36.7883,-97.7882,,none
40055,OK,34.9339,-99.5530,,none
40057,OK,34.7460,-99.8442,,none
40059,OK,36.8004,-99.6628,,none
40061,OK,35.2324,-95.1096,,none
40063,OK,35.0529,-96.2512,,none
40065,OK,34.5940,-99.4122,11060,micro
40067,OK,34.1051,-97.8389,,none
40069,OK,34.3135,-96.6543,,none
40071,OK,36.8149,-97.1439,38620,micro
40073,OK,35.9494,-97.9346,,none
40075,OK,34.9215,-98.9816,,none
40077,OK,34.8751,-95.2723,,none
40079,OK,34.8974,-94.6951,,none
40081,OK,35.7031,-96.8814,36420,metro
40083,OK,35.9143,-97.4510,36420,metro
40085,OK,33.9578,-97.2451,,none
40087,OK,35.0164,-97.4498,36420,metro
40089,OK,34.1171,-94.7661,,none
40091,OK,35.3691,-95.6718,,none
40093,OK,36.3131,-98.5420,,none
40095,OK,34.0270,-96.7705,,none
40097,OK,36.3038,-95.2356,,none
40099,OK,34.4858,-97.0716,,none
40101,OK,35.6176,-95.3839,34780,micro
40103,OK,36.3849,-97.2363,,none
40105,OK,36.7896,-95.6133,,none
40107,OK,35.4668,-96.3278,,none
40109,OK,35.5546,-97.4094,36420,metro
40111,OK,35.6435,-95.9659,46140,metro
40113,OK,36.6243,-96.4081,46140,metro
40115,OK,36.8358,-94.8027,33060,micro
40117,OK,36.3137,-96.6967,46140,metro
40119,OK,36.0792,-96.9753,44660,micro
40121,OK,34.9255,-95.7481,32540,micro
40123,OK,34.7214,-96.6918,10220,micro
40125,OK,35.2114,-96.9570,43060,micro
40127,OK,34.3779,-95.4081,,none
40129,OK,35.7086,-99.7416,,none
40131,OK,36.3778,-95.6014,46140,metro
40133,OK,35.1584,-96.6029,,none
40135,OK,35.5024,-94.7508,22900,metro
40137,OK,34.4814,-97.8556,20340,micro
40139,OK,36.7463,-101.4839,25100,micro
40141,OK,34.3711,-98.9317,,none
40143,OK,36.1203,-95.9418,46140,metro
40145,OK,35.9634,-95.5142,46140,metro
40147,OK,36.7044,-95.9063,12780,micro
40149,OK,35.2901,-98.9922,48220,micro
40151,OK,36.7270,-98.8636,,none
40153,OK,36.4256,-99.2737,49260,micro
41001,OR,44.7034,-117.6919,12520,micro
41003,OR,44.4939,-123.4247,18700,metro
41005,OR,45.1605,-122.1951,38900,metro
41007,OR,46.0245,-123.7050,11820,micro
41009,OR,45.9419,-123.0811,38900,metro
41011,OR,43.1859,-124.0941,18300,micro
41013,OR,44.1631,-120.3716,13460,metro
41015,OR,42.4664,-124.2109,15060,micro
41017,OR,43.9151,-121.2256,13460,metro
41019,OR,43.2863,-123.1545,40700,micro
41021,OR,45.3830,-120.2762,,none
41023,OR,44.4963,-119.0141,,none
41025,OR,43.0644,-118.9872,,none
41027,OR,45.5118,-121.6560,26220,micro
41029,OR,42.4116,-122.6756,32780,metro
41031,OR,44.6452,-121.1786,13460,metro
41033,OR,42.3870,-123.5716,24420,metro
41035,OR,42.6838,-121.6462,28900,micro
41037,OR,42.7884,-120.3898,,none
41039,OR,43.9283,-122.8976,21660,metro
41041,OR,44.6411,-123.9112,35440,micro
41043,OR,44.4889,-122.5372,10540,metro
41045,OR,43.1886,-117.6032,36620,micro
41047,OR,44.9009,-122.5763,41420,metro
41049,OR,45.4255,-119.6023,25840,micro
41051,OR,45.5477,-122.4174,38900,metro
41053,OR,44.9004,-123.3986,41420,metro
41055,OR,45.3992,-120.6785,,none
41057,OR,45.4559,-123.7593,,none
41059,OR,45.5912,-118.7339,25840,micro
41061,OR,45.3041,-117.9991,29260,micro
41063,OR,45.5938,-117.1856,,none
41065,OR,45.1645,-121.1651,45520,micro
41067,OR,45.5535,-123.0976,38900,metro
41069,OR,44.7364,-120.0269,,none
41071,OR,45.2478,-123.3164,38900,metro
42001,PA,39.8695,-77.2177,23900,metro
42003,PA,40.4698,-79.9805,38300,metro
42005,PA,40.8124,-79.4641,38300,metro
42007,PA,40.6841,-80.3507,38300,metro
42009,PA,39.9986,-78.4947,,none
42011,PA,40.4140,-75.9269,39740,metro
42013,PA,40.4987,-78.3096,11020,metro
42015,PA,41.7915,-76.5021,42380,micro
42017,PA,40.3369,-75.1071,37980,metro
42019,PA,40.9138,-79.9190,38300,metro
42021,PA,40.5102,-78.7105,27780,metro
42023,PA,41.4383,-78.1983,,none
42025,PA,40.9184,-75.7050,10900,metro
42027,PA,40.9093,-77.8477,44300,metro
42029,PA,39.9740,-75.7498,37980,metro
42031,PA,41.1982,-79.4204,,none
42033,PA,41.0069,-78.4777,20180,micro
42035,PA,41.2395,-77.6290,30820,micro
42037,PA,41.0455,-76.4043,14100,micro
42039,PA,41.6879,-80.1078,32740,micro
42041,PA,40.1648,-77.2634,25420,metro
42043,PA,40.4126,-76.7926,25420,metro
42045,PA,39.9167,-75.3988,37980,metro
42047,PA,41.4273,-78.6539,41260,micro
42049,PA,42.1180,-80.0964,21500,metro
42051,PA,39.9189,-79.6401,38300,metro
42053,PA,41.5133,-79.2497,,none
42055,PA,39.9268,-77.7245,16540,metro
42057,PA,39.9108,-78.1226,,none
42059,PA,39.8477,-80.2257,,none
42061,PA,40.4223,-77.9686,26500,micro
42063,PA,40.6514,-79.0875,26860,micro
42065,PA,41.1380,-79.0124,,none
42067,PA,40.5307,-77.4004,,none
42069,PA,41.4366,-75.6088,42540,metro
42071,PA,40.0420,-76.2502,29540,metro
42073,PA,40.9927,-80.3344,38300,metro
42075,PA,40.3714,-76.4648,30140,metro
42077,PA,40.6142,-75.5906,10900,metro
42079,PA,41.1731,-75.9761,42540,metro
42081,PA,41.3439,-77.0553,48700,metro
42083,PA,41.8146,-78.5725,14620,micro
42085,PA,41.3000,-80.2528,25850,micro
42087,PA,40.6016,-77.6518,30380,micro
42089,PA,41.0562,-75.3291,20700,micro
42091,PA,40.2100,-75.3702,37980,metro
42093,PA,41.0293,-76.6652,44980,micro
42095,PA,40.7528,-75.3074,10900,metro
42097,PA,40.8515,-76.7099,44980,micro
42099,PA,40.3978,-77.2663,25420,metro
42101,PA,40.0094,-75.1333,37980,metro
42103,PA,41.3259,-75.0315,25770,micro
42105,PA,41.7486,-77.8944,,none
42107,PA,40.7037,-76.2178,39060,micro
42109,PA,40.7554,-77.0730,42780,micro
42111,PA,39.9813,-79.0285,43740,micro
42113,PA,41.4393,-76.5117,,none
42115,PA,41.8197,-75.8010,,none
42117,PA,41.7669,-77.2573,,none
42119,PA,40.9622,-77.0555,30260,micro
42121,PA,41.4007,-79.7658,36340,micro
42123,PA,41.8343,-79.2982,47620,micro
42125,PA,40.2000,-80.2521,38300,metro
42127,PA,41.6466,-75.2925,,none
42129,PA,40.3111,-79.4667,38300,metro
42131,PA,41.5252,-76.0087,42540,metro
42133,PA,39.9218,-76.7289,49620,metro
44001,RI,41.7068,-71.2867,39300,metro
44003,RI,41.6751,-71.5803,39300,metro
44005,RI,41.5010,-71.2831,39300,metro
44007,RI,41.8698,-71.5786,39300,metro
44009,RI,41.3968,-71.6203,39300,metro
45001,SC,34.2290,-82.4541,24940,micro
45003,SC,33.5500,-81.6330,12260,metro
45005,SC,32.9798,-81.3633,,none
45007,SC,34.5212,-82.6386,24860,metro
45009,SC,33.2030,-81.0532,,none
45011,SC,33.2606,-81.4342,,none
45013,SC,32.3581,-80.6894,25940,metro
45015,SC,33.2077,-79.9537,16700,metro
45017,SC,33.6748,-80.7803,17900,metro
45019,SC,32.8005,-79.9425,16700,metro
45021,SC,35.0498,-81.6076,23500,micro
45023,SC,34.6893,-81.1612,16740,metro
45025,SC,34.6370,-80.1592,,none
45027,SC,33.6647,-80.2179,,none
45029,SC,32.8494,-80.6564,,none
45031,SC,34.3322,-79.9621,22500,metro
45033,SC,34.3902,-79.3753,,none
45035,SC,33.0822,-80.4047,16700,metro
45037,SC,33.7795,-81.9596,12260,metro
45039,SC,34.3957,-81.1270,17900,metro
45041,SC,34.0285,-79.7102,22500,metro
45043,SC,33.4175,-79.2963,34680,micro
45045,SC,34.8926,-82.3721,24860,metro
45047,SC,34.1558,-82.1279,24940,micro
45049,SC,32.7783,-81.1438,,none
45051,SC,33.9093,-78.9767,34820,metro
45053,SC,32.4306,-81.0216,25940,metro
45055,SC,34.3384,-80.5909,17900,metro
45057,SC,34.6868,-80.7037,16740,metro
45059,SC,34.4837,-82.0055,24860,metro
45061,SC,34.1586,-80.2512,,none
45063,SC,33.8924,-81.2729,17900,metro
45065,SC,33.8976,-82.3162,,none
45067,SC,34.0836,-79.3540,,none
45069,SC,34.6017,-79.6794,,none
45071,SC,34.2899,-81.5997,35140,micro
45073,SC,34.7488,-83.0615,42860,micro
45075,SC,33.4361,-80.8029,36700,micro
45077,SC,34.8854,-82.7234,24860,metro
45079,SC,34.0291,-80.8980,17900,metro
45081,SC,34.0053,-81.7279,17900,metro
45083,SC,34.9320,-81.9916,43900,metro
45085,SC,33.9161,-80.3824,44940,metro
45087,SC,34.6904,-81.6159,43900,metro
45089,SC,33.6265,-79.7165,,none
45091,SC,34.9702,-81.1832,16740,metro
46003,SD,43.7247,-98.5776,,none
46005,SD,44.4183,-98.2794,26700,micro
46007,SD,43.1869,-101.6772,,none
46009,SD,42.9858,-97.8842,,none
46011,SD,44.3767,-96.7978,15100,micro
46013,SD,45.5893,-98.3522,10100,micro
46015,SD,43.7299,-99.0929,,none
46017,SD,44.0443,-99.2040,,none
46019,SD,44.8962,-103.5014,,none
46021,SD,45.7856,-100.0021,,none
46023,SD,43.2062,-98.5951,,none
46025,SD,44.8552,-97.7249,,none
46027,SD,42.9162,-96.9805,46820,micro
46029,SD,44.9663,-97.1988,47980,micro
46031,SD,45.6857,-101.1797,,none
46033,SD,43.6849,-103.4622,39660,metro
46035,SD,43.6804,-98.1559,33580,micro
46037,SD,45.3552,-97.5814,,none
46039,SD,44.7563,-96.6902,,none
46041,SD,45.1480,-100.8380,,none
46043,SD,43.3915,-98.3584,,none
46045,SD,45.4117,-99.2054,10100,micro
46047,SD,43.2216,-103.5126,,none
46049,SD,45.0655,-99.1536,,none
46051,SD,45.1726,-96.7723,,none
46053,SD,43.1751,-99.2066,,none
46055,SD,44.2881,-101.5409,,none
46057,SD,44.6806,-97.1786,,none
46059,SD,44.5467,-99.0046,,none
46061,SD,43.6806,-97.7968,33580,micro
46063,SD,45.5966,-103.4739,,none
46065,SD,44.3845,-99.9757,38180,micro
46067,SD,43.3367,-97.7494,,none
46069,SD,44.5372,-99.4727,,none
46071,SD,43.6775,-101.6263,,none
46073,SD,44.0634,-98.6232,,none
46075,SD,43.9520,-100.6861,,none
46077,SD,44.3630,-97.4993,,none
46079,SD,44.0284,-97.1232,,none
46081,SD,44.3485,-103.8064,43940,micro
46083,SD,43.2794,-96.7223,43620,metro
46085,SD,43.8948,-99.8419,,none
46087,SD,43.6804,-97.3580,43620,metro
46089,SD,45.7842,-99.2114,,none
46091,SD,45.7370,-97.5809,,none
46093,SD,44.6053,-102.7142,39660,metro
46095,SD,43.5813,-100.7552,,none
46097,SD,44.0215,-97.6081,,none
46099,SD,43.6675,-96.7957,43620,metro
46101,SD,44.0124,-96.6761,,none
46102,SD,43.3334,-102.5615,,none
46103,SD,44.0023,-102.8238,39660,metro
46105,SD,45.4834,-102.4680,,none
46107,SD,45.0527,-99.9620,,none
46109,SD,45.6234,-96.9476,,none
46111,SD,44.0189,-98.0917,33580,micro
46115,SD,44.9238,-98.3396,,none
46117,SD,44.4140,-100.7478,38180,micro
46119,SD,44.7223,-100.1314,,none
46121,SD,43.2088,-100.7077,,none
46123,SD,43.3497,-99.8762,,none
46125,SD,43.3087,-97.1502,43620,metro
46127,SD,42.8311,-96.6508,43580,metro
46129,SD,45.4276,-100.0279,,none
46135,SD,43.0066,-97.3884,49460,micro
46137,SD,44.9898,-101.6608,,none
47001,TN,36.1167,-84.1954,28940,metro
47003,TN,35.5137,-86.4583,43180,micro
47005,TN,36.0709,-88.0712,,none
47007,TN,35.5936,-85.2059,,none
47009,TN,35.6882,-83.9230,28940,metro
47011,TN,35.1539,-84.8594,17420,metro
47013,TN,36.4016,-84.1592,28940,metro
47015,TN,35.8084,-86.0624,34980,metro
47017,TN,35.9657,-88.4524,,none
47019,TN,36.2847,-82.1266,27740,metro
47021,TN,36.2552,-87.1008,34980,metro
47023,TN,35.4203,-88.6114,27180,metro
47025,TN,36.5016,-83.6607,,none
47027,TN,36.5457,-85.5457,,none
47029,TN,35.9162,-83.1192,35460,micro
47031,TN,35.4888,-86.0782,46100,micro
47033,TN,35.8188,-89.1325,27180,metro
47035,TN,35.9524,-84.9948,18900,micro
47037,TN,36.1691,-86.7848,34980,metro
47039,TN,35.6031,-88.1103,,none
47041,TN,35.9822,-85.8336,,none
47043,TN,36.1455,-87.3642,34980,metro
47045,TN,36.0542,-89.3983,20540,micro
47047,TN,35.1970,-89.4138,32820,metro
47049,TN,36.3699,-84.9378,,none
47051,TN,35.1559,-86.0992,49010,micro
47053,TN,35.9916,-88.9338,27180,metro
47055,TN,35.2027,-87.0353,,none
47057,TN,36.2775,-83.5095,28940,metro
47059,TN,36.1795,-82.8475,24620,micro
47061,TN,35.3934,-85.7104,,none
47063,TN,36.2184,-83.2661,34100,metro
47065,TN,35.1635,-85.2018,16860,metro
47067,TN,36.5214,-83.2275,,none
47069,TN,35.2188,-88.9887,,none
47071,TN,35.2019,-88.1857,,none
47073,TN,36.4521,-82.9315,28700,metro
47075,TN,35.5867,-89.2827,,none
47077,TN,35.6540,-88.3877,,none
47079,TN,36.3253,-88.3003,37540,micro
47081,TN,35.8023,-87.4671,34980,metro
47083,TN,36.2858,-87.7056,,none
47085,TN,36.0408,-87.7905,,none
47087,TN,36.3543,-85.6741,18260,micro
47089,TN,36.0485,-83.4412,34100,metro
47091,TN,36.4532,-81.8612,,none
47093,TN,35.9927,-83.9377,28940,metro
47095,TN,36.3339,-89.4855,,none
47097,TN,35.7630,-89.6277,,none
47099,TN,35.2205,-87.3965,29980,micro
47101,TN,35.5232,-87.4970,,none
47103,TN,35.1428,-86.5934,22190,micro
47105,TN,35.7351,-84.3141,28940,metro
47107,TN,35.4245,-84.6199,11940,micro
47109,TN,35.1754,-88.5637,,none
47111,TN,36.5378,-86.0010,34980,metro
47113,TN,35.6061,-88.8334,27180,metro
47115,TN,35.1334,-85.6184,16860,metro
47117,TN,35.4683,-86.7659,30280,micro
47119,TN,35.6157,-87.0778,34980,metro
47121,TN,35.5122,-84.8161,11940,micro
47123,TN,35.4478,-84.2497,,none
47125,TN,36.5004,-87.3809,17300,metro
47127,TN,35.2889,-86.3587,46100,micro
47129,TN,36.1387,-84.6393,28940,metro
47131,TN,36.3619,-89.1481,46460,micro
47133,TN,36.3449,-85.2831,18260,micro
47135,TN,35.6638,-87.8693,,none
47137,TN,36.5594,-85.0757,,none
47139,TN,35.1094,-84.5411,17420,metro
47141,TN,36.1409,-85.4962,18260,micro
47143,TN,35.6006,-84.9495,,none
47145,TN,35.8473,-84.5239,28940,metro
47147,TN,36.5244,-86.8726,34980,metro
47149,TN,35.8434,-86.4172,34980,metro
47151,TN,36.4306,-84.5041,,none
47153,TN,35.3723,-85.4101,16860,metro
47155,TN,35.7878,-83.5249,42940,micro
47157,TN,35.1846,-89.8946,32820,metro
47159,TN,36.2566,-85.9419,34980,metro
47161,TN,36.4585,-87.8119,17300,metro
47163,TN,36.5097,-82.3013,28700,metro
47165,TN,36.4724,-86.4584,34980,metro
47167,TN,35.4988,-89.7471,32820,metro
47169,TN,36.3930,-86.1567,34980,metro
47171,TN,36.1001,-82.4182,27740,metro
47173,TN,36.2841,-83.8361,28940,metro
47175,TN,35.6992,-85.4584,,none
47177,TN,35.6782,-85.7773,32660,micro
47179,TN,36.2957,-82.4950,27740,metro
47181,TN,35.2428,-87.8198,,none
47183,TN,36.3036,-88.7212,32280,micro
47185,TN,35.9270,-85.4558,18260,micro
47187,TN,35.8948,-86.8979,34980,metro
47189,TN,36.1494,-86.2912,34980,metro
48001,TX,31.8413,-95.6617,37300,micro
48003,TX,32.3123,-102.6402,11380,micro
48005,TX,31.2519,-94.6111,31260,micro
48007,TX,28.1226,-96.9675,18580,metro
48009,TX,33.6163,-98.6873,48660,metro
48011,TX,34.9642,-101.3566,11100,metro
48013,TX,28.8915,-98.5354,41700,metro
48015,TX,29.8919,-96.2702,26420,metro
48017,TX,34.0675,-102.8303,,none
48019,TX,29.7564,-99.2483,41700,metro
48021,TX,30.1008,-97.3106,12420,metro
48023,TX,33.6188,-99.2082,,none
48025,TX,28.4161,-97.7426,13300,micro
48027,TX,31.0428,-97.4813,28660,metro
48029,TX,29.4487,-98.5201,41700,metro
48031,TX,30.2662,-98.3993,,none
48033,TX,32.7386,-101.4392,,none
48035,TX,31.9008,-97.6376,47380,metro
48037,TX,33.4461,-94.4224,45500,metro
48039,TX,29.1678,-95.4346,26420,metro
48041,TX,30.6567,-96.3024,17780,metro
48043,TX,29.8090,-103.2525,,none
48045,TX,34.5252,-101.2059,,none
48047,TX,27.0350,-98.2153,10860,micro
48049,TX,31.7641,-98.9985,15220,micro
48051,TX,30.4935,-96.6221,17780,metro
48053,TX,30.7896,-98.2012,,none
48055,TX,29.8324,-97.6281,12420,metro
48057,TX,28.4417,-96.5796,38920,micro
48059,TX,32.2931,-99.3722,10180,metro
48061,TX,26.1029,-97.4790,15180,metro
48063,TX,32.9746,-94.9791,34420,micro
48065,TX,35.4055,-101.3554,11100,metro
48067,TX,33.0837,-94.3576,,none
48069,TX,34.5336,-102.2588,,none
48071,TX,29.6964,-94.6694,26420,metro
48073,TX,31.8439,-95.1563,27380,micro
48075,TX,34.5246,-100.2082,,none
48077,TX,33.7859,-98.2129,48660,metro
48079,TX,33.6084,-102.8304,31180,metro
48081,TX,31.8771,-100.6352,,none
48083,TX,31.9142,-99.3466,,none
48085,TX,33.1945,-96.5794,19100,metro
48087,TX,34.9634,-100.2721,,none
48089,TX,29.5963,-96.5089,,none
48091,TX,29.8124,-98.2581,41700,metro
48093,TX,31.9516,-98.5496,,none
48095,TX,31.3189,-99.8636,,none
48097,TX,33.6392,-97.2103,23620,micro
48099,TX,31.3912,-97.7980,28660,metro
48101,TX,34.0919,-100.2764,,none
48103,TX,31.4228,-102.4878,,none
48105,TX,30.7175,-101.4042,,none
48107,TX,33.6091,-101.2987,31180,metro
48109,TX,31.4459,-104.5269,,none
48111,TX,36.2864,-102.5940,,none
48113,TX,32.7670,-96.7784,19100,metro
48115,TX,32.7425,-101.9488,,none
48117,TX,34.9408,-102.6076,25820,micro
48119,TX,33.3859,-95.6733,,none
48121,TX,33.2051,-97.1211,19100,metro
48123,TX,29.0823,-97.3617,,none
48125,TX,33.6154,-100.7876,,none
48127,TX,28.4236,-99.7659,,none
48129,TX,34.9550,-100.8158,,none
48131,TX,27.6811,-98.4974,,none
48133,TX,32.3246,-98.8366,,none
48135,TX,31.8653,-102.5425,36220,metro
48137,TX,29.9859,-100.3074,,none
48139,TX,32.3469,-96.7969,19100,metro
48141,TX,31.7665,-106.2415,21340,metro
48143,TX,32.2367,-98.2205,44500,micro
48145,TX,31.2519,-96.9341,47380,metro
48147,TX,33.5912,-96.1050,14300,micro
48149,TX,29.8779,-96.9212,,none
48151,TX,32.7405,-100.4031,,none
48153,TX,34.0737,-101.3033,38380,micro
48155,TX,33.9633,-99.8168,,none
48157,TX,29.5266,-95.7710,26420,metro
48159,TX,33.1758,-95.2191,,none
48161,TX,31.7017,-96.1450,,none
48163,TX,28.8694,-99.1090,,none
48165,TX,32.7439,-102.6316,,none
48167,TX,29.2339,-94.8882,26420,metro
48169,TX,33.1838,-101.3011,31180,metro
48171,TX,30.3251,-98.9419,23240,micro
48173,TX,31.8680,-101.5215,,none
48175,TX,28.6607,-97.4304,47020,metro
48177,TX,29.4619,-97.4919,,none
48179,TX,35.4025,-100.8124,37420,micro
48181,TX,33.6245,-96.6758,43300,metro
48183,TX,32.4864,-94.8163,30980,metro
48185,TX,30.5432,-95.9881,,none
48187,TX,29.5827,-97.9490,41700,metro
48189,TX,34.0684,-101.8229,38380,micro
48191,TX,34.4532,-100.5763,,none
48193,TX,31.7073,-98.1118,,none
48195,TX,36.2728,-101.3569,,none
48197,TX,34.2899,-99.7457,,none
48199,TX,30.3296,-94.3932,13140,metro
48201,TX,29.8573,-95.3930,26420,metro
48203,TX,32.5480,-94.3744,30980,metro
48205,TX,35.8402,-102.6100,,none
48207,TX,33.1760,-99.7308,,none
48209,TX,30.0612,-98.0293,12420,metro
48211,TX,35.8160,-100.2792,,none
48213,TX,32.2116,-95.8534,11980,micro
48215,TX,26.3964,-98.1810,32580,metro
48217,TX,31.9827,-97.1307,,none
48219,TX,33.6059,-102.3434,31180,metro
48221,TX,32.4301,-97.8317,24180,micro
48223,TX,33.1490,-95.5654,44860,micro
48225,TX,31.3230,-95.4216,,none
48227,TX,32.3034,-101.4387,13700,micro
48229,TX,31.4509,-105.3775,21340,metro
48231,TX,33.1233,-96.0842,19100,metro
48233,TX,35.8370,-101.3627,14420,micro
48235,TX,31.3034,-100.9813,41660,metro
48237,TX,33.2322,-98.1712,,none
48239,TX,28.9598,-96.5891,,none
48241,TX,30.7529,-94.0223,,none
48243,TX,30.6254,-104.1919,,none
48245,TX,29.8540,-94.1493,13140,metro
48247,TX,27.0532,-98.7476,,none
48249,TX,27.7335,-98.0908,10860,micro
48251,TX,32.3797,-97.3649,19100,metro
48253,TX,32.7437,-99.8744,10180,metro
48255,TX,28.9090,-97.8522,,none
48257,TX,32.5989,-96.2884,19100,metro
48259,TX,29.9435,-98.7093,41700,metro
48261,TX,26.8902,-97.5911,,none
48263,TX,33.1848,-100.7697,,none
48265,TX,30.0600,-99.3533,28500,micro
48267,TX,30.4795,-99.7464,,none
48269,TX,33.6143,-100.2453,,none
48271,TX,29.3471,-100.4177,,none
48273,TX,27.4387,-97.6606,28780,micro
48275,TX,33.6119,-99.7304,,none
48277,TX,33.6673,-95.5703,37580,micro
48279,TX,34.0689,-102.3480,,none
48281,TX,31.1967,-98.2409,28660,metro
48283,TX,28.3511,-99.0968,,none
48285,TX,29.3826,-96.9236,,none
48287,TX,30.3215,-96.9768,,none
48289,TX,31.3005,-95.9956,,none
48291,TX,30.1585,-94.8441,26420,metro
48293,TX,31.5475,-96.5936,,none
48295,TX,36.2802,-100.2727,,none
48297,TX,28.3515,-98.1270,,none
48299,TX,30.7076,-98.6847,,none
48301,TX,31.8449,-103.5612,,none
48303,TX,33.6115,-101.8199,31180,metro
48305,TX,33.1784,-101.8185,31180,metro
48307,TX,31.2055,-99.3599,,none
48309,TX,31.5496,-97.2015,47380,metro
48311,TX,28.3849,-98.5789,,none
48313,TX,30.9669,-95.9304,,none
48315,TX,32.7982,-94.3569,,none
48317,TX,32.3098,-101.9618,33260,metro
48319,TX,30.7039,-99.2373,,none
48321,TX,28.7748,-96.0015,13060,micro
48323,TX,28.7298,-100.3167,20580,metro
48325,TX,29.3537,-99.1111,41700,metro
48327,TX,30.8853,-99.8589,,none
48329,TX,31.8143,-102.0025,33260,metro
48331,TX,30.7912,-96.9844,,none
48333,TX,31.4949,-98.5946,,none
48335,TX,32.3041,-100.9244,,none
48337,TX,33.6784,-97.7250,,none
48339,TX,30.2988,-95.5029,26420,metro
48341,TX,35.8357,-101.8905,20300,micro
48343,TX,33.1165,-94.7313,34420,micro
48345,TX,34.0579,-100.7932,,none
48347,TX,31.6206,-94.6202,34860,micro
48349,TX,32.0484,-96.4769,18620,micro
48351,TX,30.7867,-93.7392,,none
48353,TX,32.3123,-100.4181,45020,micro
48355,TX,27.7400,-97.5162,18580,metro
48357,TX,36.2787,-100.8159,,none
48359,TX,35.4019,-102.5976,11100,metro
48361,TX,30.1223,-93.8941,13140,metro
48363,TX,32.7522,-98.3180,33420,micro
48365,TX,32.1640,-94.3052,,none
48367,TX,32.7771,-97.8059,19100,metro
48369,TX,34.5322,-102.7849,,none
48371,TX,30.7733,-102.7182,,none
48373,TX,30.7846,-94.8373,,none
48375,TX,35.3987,-101.8938,11100,metro
48377,TX,30.0059,-104.2616,,none
48379,TX,32.8705,-95.7956,,none
48381,TX,34.9625,-101.8955,11100,metro
48383,TX,31.3752,-101.5144,,none
48385,TX,29.8301,-99.8125,,none
48387,TX,33.6196,-95.0484,37580,micro
48389,TX,31.3084,-103.7127,45880,micro
48391,TX,28.3221,-97.1625,,none
48393,TX,35.8386,-100.8367,37420,micro
48395,TX,31.0255,-96.5149,17780,metro
48397,TX,32.8999,-96.4120,19100,metro
48399,TX,31.8451,-99.9827,,none
48401,TX,32.1094,-94.7564,30980,metro
48403,TX,31.3433,-93.8519,,none
48405,TX,31.3824,-94.1632,,none
48407,TX,30.5744,-95.1631,26420,metro
48409,TX,28.0118,-97.5172,18580,metro
48411,TX,31.1551,-98.8193,,none
48413,TX,30.8962,-100.5272,,none
48415,TX,32.7444,-100.9133,43660,micro
48417,TX,32.7438,-99.3470,,none
48419,TX,31.7901,-94.1426,,none
48421,TX,36.2786,-101.8993,,none
48423,TX,32.3751,-95.2689,46340,metro
48425,TX,32.2181,-97.7692,,none
48427,TX,26.5309,-98.7402,40100,micro
48429,TX,32.7381,-98.8393,,none
48431,TX,31.8358,-101.0549,,none
48433,TX,33.1796,-100.2538,,none
48435,TX,30.5222,-100.5134,,none
48437,TX,34.5263,-101.7439,,none
48439,TX,32.7721,-97.2912,19100,metro
48441,TX,32.2971,-99.8904,10180,metro
48443,TX,30.2323,-102.0725,,none
48445,TX,33.1712,-102.3393,,none
48447,TX,33.1707,-99.2058,,none
48449,TX,33.2146,-94.9668,34420,micro
48451,TX,31.3983,-100.4638,41660,metro
48453,TX,30.2395,-97.6913,12420,metro
48455,TX,31.0967,-95.1517,,none
48457,TX,30.7693,-94.3757,,none
48459,TX,32.7353,-94.9412,30980,metro
48461,TX,31.3538,-102.0415,,none
48463,TX,29.3503,-99.7684,46620,micro
48465,TX,29.8753,-101.1433,19620,micro
48467,TX,32.5588,-95.8369,,none
48469,TX,28.7964,-96.9712,47020,metro
48471,TX,30.7432,-95.5698,26660,micro
48473,TX,30.0136,-95.9821,26420,metro
48475,TX,31.5131,-103.1051,,none
48477,TX,30.2151,-96.4103,14780,micro
48479,TX,27.7608,-99.3408,29700,metro
48481,TX,29.2785,-96.2297,20900,micro
48483,TX,35.3926,-100.2531,,none
48485,TX,33.9882,-98.7080,48660,metro
48487,TX,34.0849,-99.2424,46900,micro
48489,TX,26.4819,-97.5947,39700,micro
48491,TX,30.6491,-97.6051,12420,metro
48493,TX,29.1739,-98.0867,41700,metro
48495,TX,31.8329,-103.0549,,none
48497,TX,33.2191,-97.6540,19100,metro
48499,TX,32.7836,-95.3822,,none
48501,TX,33.1623,-102.8322,,none
48503,TX,33.1588,-98.6784,,none
48505,TX,26.9970,-99.1826,49820,micro
48507,TX,28.8647,-99.7598,,none
49001,UT,38.3575,-113.2389,,none
49003,UT,41.6226,-113.0603,14940,micro
49005,UT,41.7341,-111.7454,30860,metro
49007,UT,39.6733,-110.5885,39220,micro
49009,UT,40.8901,-109.5058,,none
49011,UT,41.0376,-112.2019,36260,metro
49013,UT,40.2894,-110.4296,,none
49015,UT,39.0090,-110.7211,,none
49017,UT,37.8317,-111.4509,,none
49019,UT,38.9743,-109.5734,,none
49021,UT,37.9093,-113.3067,16260,micro
49023,UT,39.7141,-112.7905,39340,metro
49025,UT,37.2751,-111.8153,,none
49027,UT,38.9567,-113.1331,,none
49029,UT,41.0910,-111.5779,36260,metro
49031,UT,38.3359,-112.1294,,none
49033,UT,41.6276,-111.2402,21740,micro
49035,UT,40.6679,-111.9242,41620,metro
49037,UT,37.6026,-109.7916,,none
49039,UT,39.3734,-111.5769,,none
49041,UT,38.7468,-111.8119,,none
49043,UT,40.8721,-110.9685,25720,micro
49045,UT,40.4678,-113.1240,41620,metro
49047,UT,40.1259,-109.5177,46860,micro
49049,UT,40.1204,-111.6686,39340,metro
49051,UT,40.3349,-111.1616,25720,micro
49053,UT,37.2625,-113.4878,41100,metro
49055,UT,38.2599,-110.9909,,none
49057,UT,41.2703,-111.8769,36260,metro
50001,VT,44.0312,-73.1416,,none
50003,VT,43.0353,-73.1115,13540,micro
50005,VT,44.4688,-72.1122,,none
50007,VT,44.4633,-73.0694,15540,metro
50009,VT,44.7240,-71.7327,,none
50011,VT,44.8590,-72.9094,15540,metro
50013,VT,44.8018,-73.3008,15540,metro
50015,VT,44.6112,-72.6327,,none
50017,VT,44.0034,-72.3696,30150,micro
50019,VT,44.8284,-72.2516,,none
50021,VT,43.6124,-73.0603,40860,micro
50023,VT,44.2750,-72.6094,12740,micro
50025,VT,42.9953,-72.7219,14710,micro
50027,VT,43.5724,-72.5988,30150,micro
51001,VA,37.7659,-75.7578,,none
51003,VA,38.0242,-78.5535,16820,metro
51005,VA,37.7879,-80.0087,,none
51007,VA,37.3319,-77.9775,40060,metro
51009,VA,37.6293,-79.1547,31340,metro
51011,VA,37.3707,-78.8109,31340,metro
51013,VA,38.8783,-77.1007,47900,metro
51015,VA,38.1726,-79.1410,44420,metro
51017,VA,38.0684,-79.7312,,none
51019,VA,37.3123,-79.5272,31340,metro
51021,VA,37.1306,-81.1259,,none
51023,VA,37.5655,-79.7975,40220,metro
51025,VA,36.7642,-77.8615,,none
51027,VA,37.2681,-82.0382,,none
51029,VA,37.5739,-78.5292,,none
51031,VA,37.2102,-79.0954,31340,metro
51033,VA,38.0280,-77.3537,,none
51035,VA,36.7320,-80.7278,,none
51036,VA,37.3611,-77.0542,40060,metro
51037,VA,37.0090,-78.6586,,none
51041,VA,37.3784,-77.5858,40060,metro
51043,VA,39.1153,-77.9907,47900,metro
51045,VA,37.4736,-80.2311,40220,metro
51047,VA,38.4859,-77.9565,47900,metro
51049,VA,37.5202,-78.2528,,none
51051,VA,37.1367,-82.3492,,none
51053,VA,37.0735,-77.6355,40060,metro
51057,VA,37.9364,-76.9337,,none
51059,VA,38.8295,-77.2733,47900,metro
51061,VA,38.7441,-77.8215,47900,metro
51063,VA,36.9314,-80.3503,13980,metro
51065,VA,37.8306,-78.2835,16820,metro
51067,VA,36.9912,-79.8827,40220,metro
51069,VA,39.2037,-78.2638,49020,metro
51071,VA,37.3181,-80.6983,13980,metro
51073,VA,37.4035,-76.5235,47260,metro
51075,VA,37.7188,-77.9176,40060,metro
51077,VA,36.6522,-81.2153,,none
51079,VA,38.2980,-78.4702,16820,metro
51081,VA,36.6803,-77.5603,,none
51083,VA,36.7665,-78.9396,,none
51085,VA,37.7602,-77.4913,40060,metro
51087,VA,37.4375,-77.3003,40060,metro
51089,VA,36.6206,-79.9807,32300,micro
51091,VA,38.3662,-79.5645,,none
51093,VA,36.9014,-76.7076,47260,metro
51095,VA,37.3248,-76.7779,47260,metro
51097,VA,37.7178,-76.9056,40060,metro
51099,VA,38.2772,-77.1626,,none
51101,VA,37.7083,-77.0911,40060,metro
51103,VA,37.7048,-76.4127,,none
51105,VA,36.7017,-83.1301,,none
51107,VA,39.0812,-77.6389,47900,metro
51109,VA,37.9727,-77.9598,,none
51111,VA,36.9456,-78.2405,,none
51113,VA,38.4121,-78.2770,,none
51115,VA,37.4253,-76.2688,47260,metro
51117,VA,36.6873,-78.3690,,none
51119,VA,37.6070,-76.5281,,none
51121,VA,37.1755,-80.3878,13980,metro
51125,VA,37.7891,-78.8834,16820,metro
51127,VA,37.5102,-76.9993,40060,metro
51131,VA,37.3028,-75.9240,,none
51133,VA,37.8570,-76.3797,,none
51135,VA,37.1412,-78.0539,,none
51137,VA,38.2493,-78.0111,29470,micro
51139,VA,38.6232,-78.4919,,none
51141,VA,36.6671,-80.2864,,none
51143,VA,36.8217,-79.3985,19260,micro
51145,VA,37.5494,-77.9129,40060,metro
51147,VA,37.2249,-78.4330,,none
51149,VA,37.1873,-77.2210,40060,metro
51153,VA,38.7011,-77.4796,47900,metro
51155,VA,37.0634,-80.7134,13980,metro
51157,VA,38.6845,-78.1688,47900,metro
51159,VA,37.9429,-76.7306,,none
51161,VA,37.3308,-80.1912,40220,metro
51163,VA,37.8145,-79.4478,,none
51165,VA,38.5076,-78.8853,25500,metro
51167,VA,36.9334,-82.0959,,none
51169,VA,36.7128,-82.6136,28700,metro
51171,VA,38.8562,-78.5740,,none
51173,VA,36.8423,-81.5398,,none
51175,VA,36.7201,-77.1038,,none
51177,VA,38.1824,-77.6572,47900,metro
51179,VA,38.4231,-77.4580,47900,metro
51181,VA,37.1198,-76.8802,47260,metro
51183,VA,36.9266,-77.2597,40060,metro
51185,VA,37.1254,-81.5629,14140,micro
51187,VA,38.9082,-78.2076,47900,metro
51191,VA,36.7478,-81.9503,28700,metro
51193,VA,38.1093,-76.8039,,none
51195,VA,36.9746,-82.6216,,none
51197,VA,36.8999,-81.0830,,none
51199,VA,37.2209,-76.3955,47260,metro
51510,VA,38.8193,-77.0837,47900,metro
51520,VA,36.6170,-82.1576,28700,metro
51530,VA,37.7293,-79.3581,,none
51540,VA,38.0377,-78.4854,16820,metro
51550,VA,36.6794,-76.3018,47260,metro
51570,VA,37.2617,-77.3968,40060,metro
51580,VA,37.7811,-79.9854,,none
51590,VA,36.5833,-79.4081,19260,micro
51595,VA,36.6962,-77.5360,,none
51600,VA,38.8532,-77.2990,47900,metro
51610,VA,38.8847,-77.1756,47900,metro
51620,VA,36.6840,-76.9414,,none
51630,VA,38.2993,-77.4867,47900,metro
51640,VA,36.6656,-80.9143,,none
51650,VA,37.0480,-76.2973,47260,metro
51660,VA,38.4363,-78.8733,25500,metro
51670,VA,37.2910,-77.2989,40060,metro
51678,VA,37.7823,-79.4443,,none
51680,VA,37.3990,-79.1955,31340,metro
51683,VA,38.7468,-77.4826,47900,metro
51685,VA,38.7694,-77.4423,47900,metro
51690,VA,36.6835,-79.8636,32300,micro
51700,VA,37.0761,-76.5220,47260,metro
51710,VA,36.9230,-76.2446,47260,metro
51720,VA,36.9315,-82.6260,,none
51730,VA,37.2047,-77.3924,40060,metro
51735,VA,37.1284,-76.3035,47260,metro
51740,VA,36.8593,-76.3570,47260,metro
51750,VA,37.1201,-80.5591,13980,metro
51760,VA,37.5314,-77.4760,40060,metro
51770,VA,37.2785,-79.9582,40220,metro
51775,VA,37.2853,-80.0552,40220,metro
51790,VA,38.1580,-79.0619,44420,metro
51800,VA,36.6972,-76.6348,47260,metro
51810,VA,36.7795,-76.0291,47260,metro
51820,VA,38.0672,-78.9014,44420,metro
51830,VA,37.2695,-76.7082,47260,metro
51840,VA,39.1739,-78.1764,49020,metro
53001,WA,47.0112,-118.5129,36830,micro
53003,WA,46.1819,-117.2278,30300,metro
53005,WA,46.2281,-119.5167,28420,metro
53007,WA,47.8610,-120.6190,48300,metro
53009,WA,48.1109,-123.8899,38820,micro
53011,WA,45.7717,-122.4860,38900,metro
53013,WA,46.2929,-117.9116,,none
53015,WA,46.1968,-122.6785,31020,metro
53017,WA,47.7418,-119.6946,48300,metro
53019,WA,48.4733,-118.5336,,none
53021,WA,46.5375,-118.9039,28420,metro
53023,WA,46.4293,-117.5367,,none
53025,WA,47.2136,-119.4678,34180,micro
53027,WA,47.1137,-123.8267,10140,micro
53029,WA,48.1586,-122.6706,36020,micro
53031,WA,47.8057,-123.5271,39040,micro
53033,WA,47.4906,-121.8340,42660,metro
53035,WA,47.6396,-122.6496,14740,metro
53037,WA,47.1244,-120.6767,21260,micro
53039,WA,45.8704,-120.7793,,none
53041,WA,46.5801,-122.3774,16500,micro
53043,WA,47.5827,-118.4177,,none
53045,WA,47.3508,-123.1731,43220,micro
53047,WA,48.5485,-119.7422,,none
53049,WA,46.5566,-123.7824,,none
53051,WA,48.5438,-117.2322,,none
53053,WA,47.0514,-122.1532,42660,metro
53055,WA,48.5072,-123.1038,,none
53057,WA,48.4933,-121.8158,34580,metro
53059,WA,46.0248,-121.9532,38900,metro
53061,WA,48.0549,-121.7650,42660,metro
53063,WA,47.6204,-117.4034,44060,metro
53065,WA,48.3887,-117.8545,44060,metro
53067,WA,46.9358,-122.8302,36500,metro
53069,WA,46.2946,-123.4245,,none
53071,WA,46.2546,-118.4804,47460,metro
53073,WA,48.8427,-121.8364,13380,metro
53075,WA,46.9059,-117.5354,39420,micro
53077,WA,46.4566,-120.7401,49420,metro
54001,WV,39.1397,-79.9969,,none
54003,WV,39.4479,-78.0378,25180,metro
54005,WV,38.0228,-81.7135,16620,metro
54007,WV,38.6993,-80.7317,,none
54009,WV,40.2726,-80.5787,48260,metro
54011,WV,38.4196,-82.2434,26580,metro
54013,WV,38.8442,-81.1155,,none
54015,WV,38.4598,-81.0819,16620,metro
54017,WV,39.2643,-80.7115,17220,micro
54019,WV,38.0309,-81.0861,13220,metro
54021,WV,38.9159,-80.8494,,none
54023,WV,39.1060,-79.1951,,none
54025,WV,37.9244,-80.4506,,none
54027,WV,39.3121,-78.6120,49020,metro
54029,WV,40.5170,-80.5702,48260,metro
54031,WV,39.0114,-78.8417,,none
54033,WV,39.2792,-80.3865,17220,micro
54035,WV,38.8342,-81.6777,,none
54037,WV,39.3074,-77.8632,47900,metro
54039,WV,38.3281,-81.5235,16620,metro
54041,WV,38.9889,-80.4955,,none
54043,WV,38.1718,-82.0776,,none
54045,WV,37.8306,-81.9409,,none
54047,WV,37.3828,-81.6582,,none
54049,WV,39.5058,-80.2434,21900,micro
54051,WV,39.8544,-80.6718,48540,metro
54053,WV,38.7709,-82.0290,,none
54055,WV,37.4034,-81.1065,14140,micro
54057,WV,39.4048,-78.9567,19060,micro
54059,WV,37.7212,-82.1590,,none
54061,WV,39.6336,-80.0591,34060,metro
54063,WV,37.5541,-80.5503,,none
54065,WV,39.5573,-78.2565,25180,metro
54067,WV,38.2914,-80.7975,,none
54069,WV,40.1003,-80.6199,48540,metro
54071,WV,38.6745,-79.3406,,none
54073,WV,39.3681,-81.1612,,none
54075,WV,38.3326,-80.0101,,none
54077,WV,39.4690,-79.6689,34060,metro
54079,WV,38.5105,-81.9061,26580,metro
54081,WV,37.7625,-81.2647,13220,metro
54083,WV,38.7811,-79.8678,21180,micro
54085,WV,39.1771,-81.0663,,none
54087,WV,38.7430,-81.3545,,none
54089,WV,37.6560,-80.8563,,none
54091,WV,39.3325,-80.0466,17220,micro
54093,WV,39.1112,-79.5600,,none
54095,WV,39.4656,-80.8772,,none
54097,WV,38.9025,-80.2316,,none
54099,WV,38.1436,-82.4227,26580,metro
54101,WV,38.4835,-80.4491,,none
54103,WV,39.5982,-80.6354,,none
54105,WV,39.0200,-81.3830,37620,metro
54107,WV,39.2116,-81.5162,37620,metro
54109,WV,37.6037,-81.5490,,none
55001,WI,43.9738,-89.7672,,none
55003,WI,46.5444,-90.6797,,none
55005,WI,45.4372,-91.8529,39960,micro
55007,WI,46.6342,-91.1773,,none
55009,WI,44.4740,-87.9961,24580,metro
55011,WI,44.3856,-91.7613,,none
55013,WI,45.8669,-92.3757,,none
55015,WI,44.0784,-88.2121,11540,metro
55017,WI,45.0691,-91.2835,20740,metro
55019,WI,44.7393,-90.6100,,none
55021,WI,43.4719,-89.3305,31540,metro
55023,WI,43.2428,-90.9352,,none
55025,WI,43.0675,-89.4179,31540,metro
55027,WI,43.4296,-88.7019,13180,micro
55029,WI,45.0934,-87.0487,,none
55031,WI,46.4632,-91.8925,20260,metro
55033,WI,44.9478,-91.8976,32860,micro
55035,WI,44.7264,-91.2864,20740,metro
55037,WI,45.8718,-88.4070,27020,micro
55039,WI,43.7547,-88.4933,22540,metro
55041,WI,45.6669,-88.7733,,none
55043,WI,42.8700,-90.6942,38420,micro
55045,WI,42.6755,-89.6051,31540,metro
55047,WI,43.7802,-88.9704,,none
55049,WI,43.0010,-90.1337,31540,metro
55051,WI,46.3265,-90.2613,,none
55053,WI,44.3246,-90.7995,,none
55055,WI,43.0138,-88.7740,48020,micro
55057,WI,43.9328,-90.1140,,none
55059,WI,42.5875,-87.8800,28450,metro
55061,WI,44.6057,-87.4480,24580,metro
55063,WI,43.9082,-91.1118,29100,metro
55065,WI,42.6556,-90.1303,,none
55067,WI,45.2549,-89.0671,,none
55069,WI,45.3331,-89.7322,,none
55071,WI,44.1561,-87.5774,31820,micro
55073,WI,44.8980,-89.7578,48140,metro
55075,WI,45.3469,-87.9912,31940,micro
55077,WI,43.8261,-89.4091,,none
55078,WI,44.9913,-88.6693,43020,micro
55079,WI,42.9126,-87.8623,33340,metro
55081,WI,43.9452,-90.6200,43890,micro
55083,WI,44.9966,-88.2065,24580,metro
55085,WI,45.7162,-89.5345,,none
55087,WI,44.4182,-88.4650,11540,metro
55089,WI,43.5018,-87.8476,33340,metro
55091,WI,44.6274,-91.8349,,none
55093,WI,44.7253,-92.4263,33460,metro
55095,WI,45.4620,-92.4471,,none
55097,WI,44.4762,-89.4981,44620,micro
55099,WI,45.6791,-90.3597,,none
55101,WI,42.7804,-87.7716,39540,metro
55103,WI,43.3762,-90.4357,,none
55105,WI,42.6699,-89.0753,27500,metro
55107,WI,45.4727,-91.1367,,none
55109,WI,45.0290,-92.4473,33460,metro
55111,WI,43.4280,-89.9433,12660,micro
55113,WI,45.8650,-91.1471,,none
55115,WI,44.7896,-88.7558,43020,micro
55117,WI,43.7387,-87.7315,43100,metro
55119,WI,45.2117,-90.5049,,none
55121,WI,44.3030,-91.3589,,none
55123,WI,43.5994,-90.8220,29100,metro
55125,WI,46.0498,-89.5013,,none
55127,WI,42.6681,-88.5417,48580,micro
55129,WI,45.8925,-91.7964,,none
55131,WI,43.3912,-88.2329,33340,metro
55133,WI,43.0184,-88.3042,33340,metro
55135,WI,44.4780,-88.9670,,none
55137,WI,44.1128,-89.2398,,none
55139,WI,44.0857,-88.6681,36780,metro
55141,WI,44.4614,-90.0388,49220,micro
56001,WY,41.6655,-105.7219,29660,micro
56003,WY,44.5251,-107.9948,,none
56005,WY,44.1920,-105.5170,23940,micro
56007,WY,41.7036,-106.9332,,none
56009,WY,42.9846,-105.5248,,none
56011,WY,44.5893,-104.5673,,none
56013,WY,43.0548,-108.6089,40180,micro
56015,WY,42.0895,-104.3535,,none
56017,WY,43.7202,-108.4351,,none
56019,WY,44.0440,-106.5885,,none
56021,WY,41.2928,-104.6604,16940,metro
56023,WY,42.2300,-110.6830,,none
56025,WY,42.9776,-106.7682,16220,metro
56027,WY,43.0622,-104.4684,,none
56029,WY,44.4924,-109.5936,17650,micro
56031,WY,42.1316,-104.9540,,none
56033,WY,44.7814,-106.8812,43260,micro
56035,WY,42.7679,-109.9162,,none
56037,WY,41.6603,-108.8757,40540,micro
56039,WY,44.0487,-110.4261,27220,micro
56041,WY,41.2847,-110.5589,21740,micro
56043,WY,43.8788,-107.6691,,none
56045,WY,43.8462,-104.5700,,none
72001,PR,18.1816,-66.7582,,none
72003,PR,18.3757,-67.1857,10380,metro
72005,PR,18.4802,-67.1438,10380,metro
72007,PR,18.2565,-66.1285,41980,metro
72009,PR,18.1307,-66.2645,41980,metro
72011,PR,18.2869,-67.1313,10380,metro
72013,PR,18.4340,-66.6750,11640,metro
72015,PR,17.9721,-66.0419,25020,metro
72017,PR,18.4700,-66.5582,41980,metro
72019,PR,18.2000,-66.3093,41980,metro
72021,PR,18.3494,-66.1686,41980,metro
72023,PR,17.9971,-67.1809,32420,metro
72025,PR,18.2111,-66.0510,41980,metro
72027,PR,18.4455,-66.8631,11640,metro
72029,PR,18.3300,-65.8860,41980,metro
72031,PR,18.3968,-65.9688,41980,metro
72033,PR,18.4446,-66.1488,41980,metro
72035,PR,18.1036,-66.1517,41980,metro
72037,PR,18.2533,-65.6208,41980,metro
72039,PR,18.2959,-66.5156,41980,metro
72041,PR,18.1744,-66.1616,41980,metro
72043,PR,18.1038,-66.3576,17620,micro
72045,PR,18.2250,-66.2195,41980,metro
72047,PR,18.3039,-66.3262,41980,metro
72049,PR,18.3266,-65.3078,,none
72051,PR,18.4744,-66.2620,41980,metro
72053,PR,18.3864,-65.5885,41980,metro
72054,PR,18.3687,-66.5627,41980,metro
72055,PR,17.9481,-66.9230,,none
72057,PR,17.9739,-66.1375,25020,metro
72059,PR,18.0053,-66.7983,38660,metro
72061,PR,18.3444,-66.1141,41980,metro
72063,PR,18.2726,-65.9812,41980,metro
72065,PR,18.4411,-66.7982,11640,metro
72067,PR,18.1347,-67.1162,32420,metro
72069,PR,18.1354,-65.7862,41980,metro
72071,PR,18.4840,-67.0140,10380,metro
72073,PR,18.2112,-66.5869,,none
72075,PR,17.9980,-66.4905,38660,metro
72077,PR,18.2241,-65.9085,41980,metro
72079,PR,17.9785,-67.0401,32420,metro
72081,PR,18.2769,-66.8696,29720,micro
72083,PR,18.2276,-66.9776,,none
72085,PR,18.1871,-65.8712,41980,metro
72087,PR,18.4455,-65.9426,41980,metro
72089,PR,18.3680,-65.7099,41980,metro
72091,PR,18.4448,-66.4931,41980,metro
72093,PR,18.1740,-66.9355,,none
72095,PR,17.9998,-65.8964,41980,metro
72097,PR,18.0839,-67.8863,32420,metro
72099,PR,18.3776,-67.0796,10380,metro
72101,PR,18.3180,-66.4204,41980,metro
72103,PR,18.2111,-65.7357,41980,metro
72105,PR,18.2899,-66.2534,41980,metro
72107,PR,18.2187,-66.4369,41980,metro
72109,PR,18.0003,-65.9866,25020,metro
72111,PR,18.0266,-66.7281,38660,metro
72113,PR,18.0017,-66.6067,38660,metro
72115,PR,18.4664,-66.9276,11640,metro
72117,PR,18.3390,-67.2508,10380,metro
72119,PR,18.3764,-65.7984,41980,metro
72121,PR,18.0845,-66.9476,32420,metro
72123,PR,17.9715,-66.2623,17640,micro
72125,PR,18.1078,-67.0373,32420,metro
72127,PR,18.4222,-66.0691,41980,metro
72129,PR,18.1471,-65.9762,41980,metro
72131,PR,18.3311,-66.9691,10380,metro
72133,PR,17.9529,-66.3876,17620,micro
72135,PR,18.3646,-66.2447,41980,metro
72137,PR,18.4569,-66.1932,41980,metro
72139,PR,18.3354,-66.0038,41980,metro
72141,PR,18.2709,-66.7030,46580,micro
72143,PR,18.4362,-66.3364,41980,metro
72145,PR,18.4551,-66.3979,41980,metro
72147,PR,18.1254,-65.4325,,none
72149,PR,18.1307,-66.4722,38660,metro
72151,PR,18.0599,-65.8599,41980,metro
72153,PR,18.0857,-66.8579,38660,metro
